Handle,Title,Body (HTML),Vendor,Product Category,Type,Tags,Published,Option1 Name,Option1 Value,Option1 Linked To,Option2 Name,Option2 Value,Option2 Linked To,Option3 Name,Option3 Value,Option3 Linked To,Variant SKU,Variant Grams,Variant Inventory Tracker,Variant Inventory Qty,Variant Inventory Policy,Variant Fulfillment Service,Variant Price,Variant Compare At Price,Variant Requires Shipping,Variant Taxable,Unit Price Total Measure,Unit Price Total Measure Unit,Unit Price Base Measure,Unit Price Base Measure Unit,Variant Barcode,Image Src,Image Position,Image Alt Text,Gift Card,SEO Title,SEO Description,Variant Image,Variant Weight Unit,Variant Tax Code,Cost per item,Status
vip-10mg,VIP,"<p>
  This batch of VIP Peptide has been third-party laboratory tested and verified for quality and consistency. Manufactured under controlled conditions, it is prepared to support reliable use within research environments.
</p>

<div style=""margin:14px 0; padding:14px 16px; background:#f4f6f8; border:1px solid #d9e0e6; border-radius:8px; color:#1f2a37;"">
  <strong style=""display:block; margin-bottom:4px;"">Research Use Notice:</strong>
  <span>This product is intended strictly for research and laboratory use only. Not for human consumption, medical use, or diagnostic purposes.</span>
</div>

<p>
  Contents: VIP (Peptide Compound)<br>
  Form: Lyophilized Powder<br>
  Purity: 99.44%<br>
  Grade: Research Grade<br>
  Storage: Store in a cool, dry environment under proper laboratory conditions<br>
  Handling: Follow standard laboratory safety protocols
</p>",Canada Peptides,Business & Industrial > Science & Laboratory > Biochemicals,"","",false,Type,Vial,,Weight,5mg,,,,,,0.0,shopify,1000,deny,manual,75.00,98.00,true,false,,,,,"",https://cdn.shopify.com/s/files/1/0826/0632/6003/files/VIP.png?v=1776996809,1,"",false,,,https://cdn.shopify.com/s/files/1/0826/0632/6003/files/VIP_2.png?v=1776996809,kg,,9.00,draft
vip-10mg,,,,,,,,,Vial,,,10mg,,,,,,0.0,shopify,1000,deny,manual,125.00,164.00,true,false,,,,,"",https://cdn.shopify.com/s/files/1/0826/0632/6003/files/VIP_2.png?v=1776996809,2,"",,,,https://cdn.shopify.com/s/files/1/0826/0632/6003/files/VIP_4.png?v=1776996809,kg,,16.00,
vip-10mg,,,,,,,,,,,,,,,,,,,,,,,,,,,,,,,,https://cdn.shopify.com/s/files/1/0826/0632/6003/files/VIP_4.png?v=1776996809,3,"",,,,,,,,
tirzepatide-5mg,Tirzepatide,"<p>
  This batch of Tirzepatide Peptide has been third-party laboratory tested and verified for quality and consistency. Manufactured under controlled conditions, it is prepared to support reliable use within research environments.
</p>

<div style=""margin:14px 0; padding:14px 16px; background:#f4f6f8; border:1px solid #d9e0e6; border-radius:8px; color:#1f2a37;"">
  <strong style=""display:block; margin-bottom:4px;"">Research Use Notice:</strong>
  <span>This product is intended strictly for research and laboratory use only. Not for human consumption, medical use, or diagnostic purposes.</span>
</div>

<p>
  Contents: Tirzepatide (Peptide Compound)<br>
  Form: Lyophilized Powder<br>
  Purity: 99.3%<br>
  Grade: Research Grade<br>
  Storage: Store in a cool, dry environment under proper laboratory conditions<br>
  Handling: Follow standard laboratory safety protocols
</p>",Canada Peptides,Business & Industrial > Science & Laboratory > Biochemicals,"","",false,Type,Vial,,Weight,5mg,,,,,,0.0,shopify,1000,deny,manual,50.00,67.00,true,true,,,,,"",https://cdn.shopify.com/s/files/1/0826/0632/6003/files/Tirzepatide.png?v=1776996808,1,"",false,,,https://cdn.shopify.com/s/files/1/0826/0632/6003/files/Tirzepatide_2.png?v=1776996808,kg,,5.00,draft
tirzepatide-5mg,,,,,,,,,Vial,,,10mg,,,,,,0.0,shopify,1000,deny,manual,70.00,92.00,true,true,,,,,"",https://cdn.shopify.com/s/files/1/0826/0632/6003/files/Tirzepatide_2.png?v=1776996808,2,"",,,,https://cdn.shopify.com/s/files/1/0826/0632/6003/files/Tirzepatide_4.png?v=1776996808,kg,,7.00,
tirzepatide-5mg,,,,,,,,,Vial,,,15mg,,,,,,0.0,shopify,1000,deny,manual,90.00,118.00,true,true,,,,,"",https://cdn.shopify.com/s/files/1/0826/0632/6003/files/Tirzepatide_4.png?v=1776996808,3,"",,,,https://cdn.shopify.com/s/files/1/0826/0632/6003/files/Tirzepatide_6.png?v=1776996808,kg,,9.00,
tirzepatide-5mg,,,,,,,,,Vial,,,20mg,,,,,,0.0,shopify,1000,deny,manual,110.00,146.00,true,true,,,,,"",https://cdn.shopify.com/s/files/1/0826/0632/6003/files/Tirzepatide_6.png?v=1776996808,4,"",,,,https://cdn.shopify.com/s/files/1/0826/0632/6003/files/Tirzepatide_8.png?v=1776996807,kg,,11.00,
tirzepatide-5mg,,,,,,,,,Vial,,,30mg,,,,,,0.0,shopify,1000,deny,manual,140.00,184.00,true,true,,,,,"",https://cdn.shopify.com/s/files/1/0826/0632/6003/files/Tirzepatide_8.png?v=1776996807,5,"",,,,https://cdn.shopify.com/s/files/1/0826/0632/6003/files/Tirzepatide_10.png?v=1776996808,kg,,14.00,
tirzepatide-5mg,,,,,,,,,Vial,,,40mg,,,,,,0.0,shopify,1000,deny,manual,170.00,223.00,true,true,,,,,"",https://cdn.shopify.com/s/files/1/0826/0632/6003/files/Tirzepatide_10.png?v=1776996808,6,"",,,,https://cdn.shopify.com/s/files/1/0826/0632/6003/files/Tirzepatide_12.png?v=1776996807,kg,,17.00,
tirzepatide-5mg,,,,,,,,,Vial,,,50mg,,,,,,0.0,shopify,1000,deny,manual,200.00,262.00,true,true,,,,,"",https://cdn.shopify.com/s/files/1/0826/0632/6003/files/Tirzepatide_12.png?v=1776996807,7,"",,,,https://cdn.shopify.com/s/files/1/0826/0632/6003/files/Tirzepatide_14.png?v=1776996808,kg,,20.00,
tirzepatide-5mg,,,,,,,,,Vial,,,60mg,,,,,,0.0,shopify,1000,deny,manual,230.00,302.00,true,true,,,,,"",https://cdn.shopify.com/s/files/1/0826/0632/6003/files/Tirzepatide_14.png?v=1776996808,8,"",,,,https://cdn.shopify.com/s/files/1/0826/0632/6003/files/Tirzepatide_16.png?v=1776996808,kg,,23.00,
tirzepatide-5mg,,,,,,,,,,,,,,,,,,,,,,,,,,,,,,,,https://cdn.shopify.com/s/files/1/0826/0632/6003/files/Tirzepatide_16.png?v=1776996808,9,"",,,,,,,,
thymosin-alpha-1-5mg,Thymosin Alpha-1,"<p>
  This batch of Thymosin Alpha-1 Peptide has been third-party laboratory tested and verified for quality and consistency. Manufactured under controlled conditions, it is prepared to support reliable use within research environments.
</p>

<div style=""margin:14px 0; padding:14px 16px; background:#f4f6f8; border:1px solid #d9e0e6; border-radius:8px; color:#1f2a37;"">
  <strong style=""display:block; margin-bottom:4px;"">Research Use Notice:</strong>
  <span>This product is intended strictly for research and laboratory use only. Not for human consumption, medical use, or diagnostic purposes.</span>
</div>

<p>
  Contents: Thymosin Alpha-1 (Peptide Compound)<br>
  Form: Lyophilized Powder<br>
  Purity: 99.0%<br>
  Grade: Research Grade<br>
  Storage: Store in a cool, dry environment under proper laboratory conditions<br>
  Handling: Follow standard laboratory safety protocols
</p>",Canada Peptides,Business & Industrial > Science & Laboratory > Biochemicals,"","",false,Type,Vial,,Weight,5mg,,,,,,0.0,shopify,1000,deny,manual,79.00,104.00,true,false,,,,,"",https://cdn.shopify.com/s/files/1/0826/0632/6003/files/ThymosinAlpha-1.png?v=1776996806,1,"",false,,,https://cdn.shopify.com/s/files/1/0826/0632/6003/files/Thymosin_Alpha-1_2.png?v=1776996806,kg,,9.00,draft
thymosin-alpha-1-5mg,,,,,,,,,Vial,,,10mg,,,,,,0.0,shopify,1000,deny,manual,125.00,164.00,true,false,,,,,"",https://cdn.shopify.com/s/files/1/0826/0632/6003/files/Thymosin_Alpha-1_2.png?v=1776996806,2,"",,,,https://cdn.shopify.com/s/files/1/0826/0632/6003/files/Thymosin_Alpha-1_4.png?v=1776996806,kg,,17.00,
thymosin-alpha-1-5mg,,,,,,,,,,,,,,,,,,,,,,,,,,,,,,,,https://cdn.shopify.com/s/files/1/0826/0632/6003/files/Thymosin_Alpha-1_4.png?v=1776996806,3,"",,,,,,,,
thymalin-10mg,Thymalin,"<p>
  This batch of Thymalin Peptide has been third-party laboratory tested and verified for quality and consistency. Manufactured under controlled conditions, it is prepared to support reliable use within research environments.
</p>

<div style=""margin:14px 0; padding:14px 16px; background:#f4f6f8; border:1px solid #d9e0e6; border-radius:8px; color:#1f2a37;"">
  <strong style=""display:block; margin-bottom:4px;"">Research Use Notice:</strong>
  <span>This product is intended strictly for research and laboratory use only. Not for human consumption, medical use, or diagnostic purposes.</span>
</div>

<p>
  Contents: Thymalin (Peptide Compound)<br>
  Form: Lyophilized Powder<br>
  Purity: 99.3%<br>
  Grade: Research Grade<br>
  Storage: Store in a cool, dry environment under proper laboratory conditions<br>
  Handling: Follow standard laboratory safety protocols
</p>",Canada Peptides,Business & Industrial > Science & Laboratory > Biochemicals,"","",false,Type,Vial,,,,,,,,,0.0,shopify,1000,deny,manual,70.00,92.00,true,true,,,,,"",https://cdn.shopify.com/s/files/1/0826/0632/6003/files/Thymalin.png?v=1776996805,1,"",false,,,https://cdn.shopify.com/s/files/1/0826/0632/6003/files/Thymalin_2.png?v=1776996805,kg,,7.00,draft
thymalin-10mg,,,,,,,,,,,,,,,,,,,,,,,,,,,,,,,,https://cdn.shopify.com/s/files/1/0826/0632/6003/files/Thymalin_2.png?v=1776996805,2,"",,,,,,,,
tesamorelin-10mg,Tesamorelin,"<p data-start=""148"" data-end=""388"">
  This batch of Tesamorelin Growth Hormone Peptide has been third-party laboratory tested and verified for quality and consistency. Manufactured under controlled conditions, it is prepared to support reliable use within research environments.
</p>

<div style=""margin:14px 0; padding:14px 16px; background:#f4f6f8; border:1px solid #d9e0e6; border-radius:8px; color:#1f2a37;"">
  <strong style=""display:block; margin-bottom:4px;"">Research Use Notice:</strong>
  <span>This product is intended strictly for research and laboratory use only. Not for human consumption, medical use, or diagnostic purposes.</span>
</div>

<p data-start=""531"" data-end=""756"">
  Contents: Tesamorelin<br>
  Form: Lyophilized Powder<br>
  Purity: 99.7%<br>
  Grade: Research Grade<br>
  Storage: Store in a cool, dry environment under proper laboratory conditions<br>
  Handling: Follow standard laboratory safety protocols
</p>",Canada Peptides,Business & Industrial > Science & Laboratory > Biochemicals,"","",false,Type,Vial,,Weight,5mg,,,,,,0.0,shopify,1000,deny,manual,80.00,105.00,true,false,,,,,"",https://cdn.shopify.com/s/files/1/0826/0632/6003/files/Tesamorelin.png?v=1776996803,1,"",false,,,https://cdn.shopify.com/s/files/1/0826/0632/6003/files/Tesamorelin_2.png?v=1776996803,kg,,12.00,draft
tesamorelin-10mg,,,,,,,,,Vial,,,10mg,,,,,,0.0,shopify,1000,deny,manual,110.00,144.00,true,false,,,,,"",https://cdn.shopify.com/s/files/1/0826/0632/6003/files/Tesamorelin_2.png?v=1776996803,2,"",,,,https://cdn.shopify.com/s/files/1/0826/0632/6003/files/Tesamorelin_4.png?v=1776996803,kg,,22.00,
tesamorelin-10mg,,,,,,,,,,,,,,,,,,,,,,,,,,,,,,,,https://cdn.shopify.com/s/files/1/0826/0632/6003/files/Tesamorelin_4.png?v=1776996803,3,"",,,,,,,,
tb-500-10mg,TB-500,"<p>
  This batch of TB-500 Peptide has been third-party laboratory tested and verified for quality and consistency. Manufactured under controlled conditions, it is prepared to support reliable use within research environments.
</p>

<div style=""margin:14px 0; padding:14px 16px; background:#f4f6f8; border:1px solid #d9e0e6; border-radius:8px; color:#1f2a37;"">
  <strong style=""display:block; margin-bottom:4px;"">Research Use Notice:</strong>
  <span>This product is intended strictly for research and laboratory use only. Not for human consumption, medical use, or diagnostic purposes.</span>
</div>

<p>
  Contents: TB-500 (Peptide Compound)<br>
  Form: Lyophilized Powder<br>
  Purity: 99.5%<br>
  Grade: Research Grade<br>
  Storage: Store in a cool, dry environment under proper laboratory conditions<br>
  Handling: Follow standard laboratory safety protocols
</p> ",Canada Peptides,Business & Industrial > Science & Laboratory > Biochemicals,"","",false,Type,Vial,,Weight,5mg,,,,,,0.0,shopify,1000,deny,manual,60.00,78.00,true,false,,,,,"",https://cdn.shopify.com/s/files/1/0826/0632/6003/files/TB-500.png?v=1776996802,1,"",false,,,https://cdn.shopify.com/s/files/1/0826/0632/6003/files/TB-500_2.png?v=1776996802,kg,,9.00,draft
tb-500-10mg,,,,,,,,,Vial,,,10mg,,,,,,0.0,shopify,1000,deny,manual,98.00,128.00,true,false,,,,,"",https://cdn.shopify.com/s/files/1/0826/0632/6003/files/TB-500_2.png?v=1776996802,2,"",,,,https://cdn.shopify.com/s/files/1/0826/0632/6003/files/TB-500_4.png?v=1776996803,kg,,16.00,
tb-500-10mg,,,,,,,,,,,,,,,,,,,,,,,,,,,,,,,,https://cdn.shopify.com/s/files/1/0826/0632/6003/files/TB-500_4.png?v=1776996803,3,"",,,,,,,,
sterile-water,Sterile Water,"<p>
  This batch of Sterile Water Peptide has been third-party laboratory tested and verified for quality and consistency. Manufactured under controlled conditions, it is prepared to support reliable use within research environments.
</p>

<div style=""margin:14px 0; padding:14px 16px; background:#f4f6f8; border:1px solid #d9e0e6; border-radius:8px; color:#1f2a37;"">
  <strong style=""display:block; margin-bottom:4px;"">Research Use Notice:</strong>
  <span>This product is intended strictly for research and laboratory use only. Not for human consumption, medical use, or diagnostic purposes.</span>
</div>

<p>
  Contents: Sterile Water (H₂O)<br>
  Form: Liquid Solution<br>
  Purity: 99.9%<br>
  Grade: Research Grade<br>
  Storage: Store in a cool, dry environment under proper laboratory conditions<br>
  Handling: Follow standard laboratory safety protocols
</p>",Canada Peptides,Business & Industrial > Science & Laboratory > Laboratory Chemicals > Solvents,"","",false,Type,Vial,,Weight,3ml,,,,,,0.0,shopify,1000,deny,manual,14.00,19.00,true,true,,,,,"",https://cdn.shopify.com/s/files/1/0826/0632/6003/files/SterileWater.png?v=1776996799,1,"",false,,,https://cdn.shopify.com/s/files/1/0826/0632/6003/files/Sterile_Water_2.png?v=1776996799,kg,,1.00,draft
sterile-water,,,,,,,,,Vial,,,10ml,,,,,,0.0,shopify,1000,deny,manual,19.00,25.00,true,true,,,,,"",https://cdn.shopify.com/s/files/1/0826/0632/6003/files/Sterile_Water_2.png?v=1776996799,2,"",,,,https://cdn.shopify.com/s/files/1/0826/0632/6003/files/Sterile_Water_4.png?v=1776996799,kg,,1.00,
sterile-water,,,,,,,,,,,,,,,,,,,,,,,,,,,,,,,,https://cdn.shopify.com/s/files/1/0826/0632/6003/files/Sterile_Water_4.png?v=1776996799,3,"",,,,,,,,
ss-31-10mg,SS-31,"<p>
  This batch of SS-31 (Elamipretide) Peptide has been third-party laboratory tested and verified for quality and consistency. Manufactured under controlled conditions, it is prepared to support reliable use within research environments.
</p>

<div style=""margin:14px 0; padding:14px 16px; background:#f4f6f8; border:1px solid #d9e0e6; border-radius:8px; color:#1f2a37;"">
  <strong style=""display:block; margin-bottom:4px;"">Research Use Notice:</strong>
  <span>This product is intended strictly for research and laboratory use only. Not for human consumption, medical use, or diagnostic purposes.</span>
</div>

<p>
  Contents: SS-31 (Elamipretide) (Peptide Compound)<br>
  Form: Lyophilized Powder<br>
  Purity: 99.5%<br>
  Grade: Research Grade<br>
  Storage: Store in a cool, dry environment under proper laboratory conditions<br>
  Handling: Follow standard laboratory safety protocols
</p>",Canada Peptides,Business & Industrial > Science & Laboratory > Biochemicals,"","",false,Type,Vial,,Weight,10mg,,,,,,0.0,shopify,999,deny,manual,100.00,132.00,true,false,,,,,"",https://cdn.shopify.com/s/files/1/0826/0632/6003/files/SS-31.png?v=1776996800,1,"",false,,,https://cdn.shopify.com/s/files/1/0826/0632/6003/files/SS-31_2_38dbb2eb-4786-49e7-9d9a-27a332eab2df.png?v=1776996798,kg,,10.00,draft
ss-31-10mg,,,,,,,,,Vial,,,50mg,,,,,,0.0,shopify,998,deny,manual,380.00,520.00,true,false,,,,,"",https://cdn.shopify.com/s/files/1/0826/0632/6003/files/SS-31_2_38dbb2eb-4786-49e7-9d9a-27a332eab2df.png?v=1776996798,2,"",,,,https://cdn.shopify.com/s/files/1/0826/0632/6003/files/SS-31_4.png?v=1776996798,kg,,44.00,
ss-31-10mg,,,,,,,,,,,,,,,,,,,,,,,,,,,,,,,,https://cdn.shopify.com/s/files/1/0826/0632/6003/files/SS-31_4.png?v=1776996798,3,"",,,,,,,,
snap-8-10mg,Snap-8,"<p>
  This batch of Snap-8 Peptide has been third-party laboratory tested and verified for quality and consistency. Manufactured under controlled conditions, it is prepared to support reliable use within research environments.
</p>

<div style=""margin:14px 0; padding:14px 16px; background:#f4f6f8; border:1px solid #d9e0e6; border-radius:8px; color:#1f2a37;"">
  <strong style=""display:block; margin-bottom:4px;"">Research Use Notice:</strong>
  <span>This product is intended strictly for research and laboratory use only. Not for human consumption, medical use, or diagnostic purposes.</span>
</div>

<p>
  Contents: Snap-8 (Peptide Compound)<br>
  Form: Lyophilized Powder<br>
  Purity: 99.3%<br>
  Grade: Research Grade<br>
  Storage: Store in a cool, dry environment under proper laboratory conditions<br>
  Handling: Follow standard laboratory safety protocols
</p>",Canada Peptides,Health & Beauty > Personal Care > Cosmetics > Skin Care > Anti-Aging Skin Care,"","",false,Type,Vial,,,,,,,,,0.0,shopify,1000,deny,manual,50.00,67.00,true,true,,,,,"",https://cdn.shopify.com/s/files/1/0826/0632/6003/files/SNAP-8.png?v=1776996796,1,"",false,,,https://cdn.shopify.com/s/files/1/0826/0632/6003/files/SNAP-8_2.png?v=1776996797,kg,,5.00,draft
snap-8-10mg,,,,,,,,,,,,,,,,,,,,,,,,,,,,,,,,https://cdn.shopify.com/s/files/1/0826/0632/6003/files/SNAP-8_2.png?v=1776996797,2,"",,,,,,,,
slu-pp-322-5mg,SLU-PP-332,"<p>
  This batch of SLU-PP-332 Peptide has been third-party laboratory tested and verified for quality and consistency. Manufactured under controlled conditions, it is prepared to support reliable use within research environments.
</p>

<div style=""margin:14px 0; padding:14px 16px; background:#f4f6f8; border:1px solid #d9e0e6; border-radius:8px; color:#1f2a37;"">
  <strong style=""display:block; margin-bottom:4px;"">Research Use Notice:</strong>
  <span>This product is intended strictly for research and laboratory use only. Not for human consumption, medical use, or diagnostic purposes.</span>
</div>

<p>
  Contents: SLU-PP-332 (Peptide Compound)<br>
  Form: Lyophilized Powder<br>
  Purity: 99.3%<br>
  Grade: Research Grade<br>
  Storage: Store in a cool, dry environment under proper laboratory conditions<br>
  Handling: Follow standard laboratory safety protocols
</p>",Canada Peptides,Health & Beauty > Health Care > Medicine & Drugs,"","",false,Type,Vial,,,,,,,,,0.0,shopify,1000,deny,manual,125.00,164.00,true,true,,,,,"",https://cdn.shopify.com/s/files/1/0826/0632/6003/files/SLU-PP-332.png?v=1776996795,1,"",false,,,https://cdn.shopify.com/s/files/1/0826/0632/6003/files/SLU-PP-332_2.png?v=1776996795,kg,,14.00,draft
slu-pp-322-5mg,,,,,,,,,,,,,,,,,,,,,,,,,,,,,,,,https://cdn.shopify.com/s/files/1/0826/0632/6003/files/SLU-PP-332_2.png?v=1776996795,2,"",,,,,,,,
sermorelin-5mg,Sermorelin,"<p>
  This batch of Sermorelin Peptide has been third-party laboratory tested and verified for quality and consistency. Manufactured under controlled conditions, it is prepared to support reliable use within research environments.
</p>

<div style=""margin:14px 0; padding:14px 16px; background:#f4f6f8; border:1px solid #d9e0e6; border-radius:8px; color:#1f2a37;"">
  <strong style=""display:block; margin-bottom:4px;"">Research Use Notice:</strong>
  <span>This product is intended strictly for research and laboratory use only. Not for human consumption, medical use, or diagnostic purposes.</span>
</div>

<p>
  Contents: Sermorelin (Peptide Compound)<br>
  Form: Lyophilized Powder<br>
  Purity: 99.3%<br>
  Grade: Research Grade<br>
  Storage: Store in a cool, dry environment under proper laboratory conditions<br>
  Handling: Follow standard laboratory safety protocols
</p>",Canada Peptides,Business & Industrial > Science & Laboratory > Biochemicals,"","",false,Type,Vial,,Weight,5mg,,,,,,0.0,shopify,1000,deny,manual,70.00,92.00,true,true,,,,,"",https://cdn.shopify.com/s/files/1/0826/0632/6003/files/Sermorelin.png?v=1776996793,1,"",false,,,https://cdn.shopify.com/s/files/1/0826/0632/6003/files/Sermorelin_2.png?v=1776996794,kg,,8.00,draft
sermorelin-5mg,,,,,,,,,Vial,,,10mg,,,,,,0.0,shopify,999,deny,manual,111.00,147.00,true,true,,,,,"",https://cdn.shopify.com/s/files/1/0826/0632/6003/files/Sermorelin_2.png?v=1776996794,2,"",,,,https://cdn.shopify.com/s/files/1/0826/0632/6003/files/Sermorelin_4.png?v=1776996793,kg,,12.00,
sermorelin-5mg,,,,,,,,,,,,,,,,,,,,,,,,,,,,,,,,https://cdn.shopify.com/s/files/1/0826/0632/6003/files/Sermorelin_4.png?v=1776996793,3,"",,,,,,,,
semax-5mg,Semax,"<p>
  This batch of Semax Peptide has been third-party laboratory tested and verified for quality and consistency. Manufactured under controlled conditions, it is prepared to support reliable use within research environments.
</p>

<div style=""margin:14px 0; padding:14px 16px; background:#f4f6f8; border:1px solid #d9e0e6; border-radius:8px; color:#1f2a37;"">
  <strong style=""display:block; margin-bottom:4px;"">Research Use Notice:</strong>
  <span>This product is intended strictly for research and laboratory use only. Not for human consumption, medical use, or diagnostic purposes.</span>
</div>

<p>
  Contents: Semax (Peptide Compound)<br>
  Form: Lyophilized Powder<br>
  Purity: 99.0%<br>
  Grade: Research Grade<br>
  Storage: Store in a cool, dry environment under proper laboratory conditions<br>
  Handling: Follow standard laboratory safety protocols
</p>",Canada Peptides,Business & Industrial > Science & Laboratory > Biochemicals,"","",false,Type,Vial,,Weight,5mg,,,,,,0.0,shopify,997,deny,manual,40.00,54.00,true,false,,,,,"",https://cdn.shopify.com/s/files/1/0826/0632/6003/files/Semax.png?v=1776996792,1,"",false,,,https://cdn.shopify.com/s/files/1/0826/0632/6003/files/Semax_2.png?v=1776996792,kg,,4.00,draft
semax-5mg,,,,,,,,,Vial,,,10mg,,,,,,0.0,shopify,1000,deny,manual,60.00,78.00,true,false,,,,,"",https://cdn.shopify.com/s/files/1/0826/0632/6003/files/Semax_2.png?v=1776996792,2,"",,,,https://cdn.shopify.com/s/files/1/0826/0632/6003/files/Semax_4.png?v=1776996792,kg,,6.00,
semax-5mg,,,,,,,,,,,,,,,,,,,,,,,,,,,,,,,,https://cdn.shopify.com/s/files/1/0826/0632/6003/files/Semax_4.png?v=1776996792,3,"",,,,,,,,
semaglutide-2mg,Semaglutide,"<p>
  This batch of Semaglutide Peptide has been third-party laboratory tested and verified for quality and consistency. Manufactured under controlled conditions, it is prepared to support reliable use within research environments.
</p>

<div style=""margin:14px 0; padding:14px 16px; background:#f4f6f8; border:1px solid #d9e0e6; border-radius:8px; color:#1f2a37;"">
  <strong style=""display:block; margin-bottom:4px;"">Research Use Notice:</strong>
  <span>This product is intended strictly for research and laboratory use only. Not for human consumption, medical use, or diagnostic purposes.</span>
</div>

<p>
  Contents: Semaglutide (Peptide Compound)<br>
  Form: Lyophilized Powder<br>
  Purity: 99.3%<br>
  Grade: Research Grade<br>
  Storage: Store in a cool, dry environment under proper laboratory conditions<br>
  Handling: Follow standard laboratory safety protocols
</p>",Canada Peptides,Business & Industrial > Science & Laboratory > Biochemicals,"","",false,Type,Vial,,Weight,2mg,,,,,,0.0,shopify,1000,deny,manual,36.00,47.00,true,true,,,,,"",https://cdn.shopify.com/s/files/1/0826/0632/6003/files/Semaglutide.png?v=1776996790,1,"",false,,,https://cdn.shopify.com/s/files/1/0826/0632/6003/files/Semaglutide_2.png?v=1776996791,kg,,4.00,draft
semaglutide-2mg,,,,,,,,,Vial,,,5mg,,,,,,0.0,shopify,999,deny,manual,42.00,55.00,true,true,,,,,"",https://cdn.shopify.com/s/files/1/0826/0632/6003/files/Semaglutide_2.png?v=1776996791,2,"",,,,https://cdn.shopify.com/s/files/1/0826/0632/6003/files/Semaglutide_4.png?v=1776996791,kg,,4.00,
semaglutide-2mg,,,,,,,,,Vial,,,10mg,,,,,,0.0,shopify,1000,deny,manual,64.00,84.00,true,true,,,,,"",https://cdn.shopify.com/s/files/1/0826/0632/6003/files/Semaglutide_4.png?v=1776996791,3,"",,,,https://cdn.shopify.com/s/files/1/0826/0632/6003/files/Semaglutide_6.png?v=1776996791,kg,,6.00,
semaglutide-2mg,,,,,,,,,Vial,,,15mg,,,,,,0.0,shopify,999,deny,manual,78.00,102.00,true,true,,,,,"",https://cdn.shopify.com/s/files/1/0826/0632/6003/files/Semaglutide_6.png?v=1776996791,4,"",,,,https://cdn.shopify.com/s/files/1/0826/0632/6003/files/Semaglutide_8.png?v=1776996791,kg,,8.00,
semaglutide-2mg,,,,,,,,,Vial,,,20mg,,,,,,0.0,shopify,1000,deny,manual,100.00,132.00,true,true,,,,,"",https://cdn.shopify.com/s/files/1/0826/0632/6003/files/Semaglutide_8.png?v=1776996791,5,"",,,,https://cdn.shopify.com/s/files/1/0826/0632/6003/files/Semaglutide_10.png?v=1776996790,kg,,10.00,
semaglutide-2mg,,,,,,,,,Vial,,,30mg,,,,,,0.0,shopify,1000,deny,manual,128.00,167.00,true,true,,,,,"",https://cdn.shopify.com/s/files/1/0826/0632/6003/files/Semaglutide_10.png?v=1776996790,6,"",,,,https://cdn.shopify.com/s/files/1/0826/0632/6003/files/Semaglutide_12.png?v=1776996790,kg,,13.00,
semaglutide-2mg,,,,,,,,,,,,,,,,,,,,,,,,,,,,,,,,https://cdn.shopify.com/s/files/1/0826/0632/6003/files/Semaglutide_12.png?v=1776996790,7,"",,,,,,,,
selank-5mg,Selank,"<p>
  This batch of Selank Peptide has been third-party laboratory tested and verified for quality and consistency. Manufactured under controlled conditions, it is prepared to support reliable use within research environments.
</p>

<div style=""margin:14px 0; padding:14px 16px; background:#f4f6f8; border:1px solid #d9e0e6; border-radius:8px; color:#1f2a37;"">
  <strong style=""display:block; margin-bottom:4px;"">Research Use Notice:</strong>
  <span>This product is intended strictly for research and laboratory use only. Not for human consumption, medical use, or diagnostic purposes.</span>
</div>

<p>
  Contents: Selank (Peptide Compound)<br>
  Form: Lyophilized Powder<br>
  Purity: 99.0%<br>
  Grade: Research Grade<br>
  Storage: Store in a cool, dry environment under proper laboratory conditions<br>
  Handling: Follow standard laboratory safety protocols
</p>",Canada Peptides,Business & Industrial > Science & Laboratory > Biochemicals,"","",false,Type,Vial,,Weight,5mg,,,,,,0.0,shopify,998,deny,manual,39.00,51.00,true,false,,,,,"",https://cdn.shopify.com/s/files/1/0826/0632/6003/files/Selank.png?v=1776996789,1,"",false,,,https://cdn.shopify.com/s/files/1/0826/0632/6003/files/Selank_2.png?v=1776996789,kg,,,draft
selank-5mg,,,,,,,,,Vial,,,10mg,,,,,,0.0,shopify,1000,deny,manual,59.00,87.00,true,false,,,,,"",https://cdn.shopify.com/s/files/1/0826/0632/6003/files/Selank_2.png?v=1776996789,2,"",,,,https://cdn.shopify.com/s/files/1/0826/0632/6003/files/Selank_4.png?v=1776996789,kg,,,
selank-5mg,,,,,,,,,,,,,,,,,,,,,,,,,,,,,,,,https://cdn.shopify.com/s/files/1/0826/0632/6003/files/Selank_4.png?v=1776996789,3,"",,,,,,,,
retatrutide-20mg,Retatrutide Triple Agonist,"<p>
  This batch of Retatrutide Peptide has been third-party laboratory tested and verified for quality and consistency. Manufactured under controlled conditions, it is prepared to support reliable use within research environments.
</p>

<div style=""margin:14px 0; padding:14px 16px; background:#f4f6f8; border:1px solid #d9e0e6; border-radius:8px; color:#1f2a37;"">
  <strong style=""display:block; margin-bottom:4px;"">Research Use Notice:</strong>
  <span>This product is intended strictly for research and laboratory use only. Not for human consumption, medical use, or diagnostic purposes.</span>
</div>

<p>
  Contents: Retatrutide (Peptide Compound)<br>
  Form: Lyophilized Powder<br>
  Purity: 99.1%<br>
  Grade: Research Grade<br>
  Storage: Store in a cool, dry environment under proper laboratory conditions<br>
  Handling: Follow standard laboratory safety protocols
</p>",Canada Peptides,Business & Industrial > Science & Laboratory > Biochemicals,"","",false,Type,Vial,,Weight,5mg,,,,,,10.0,shopify,997,deny,manual,69.00,118.00,true,false,,,,,"",https://cdn.shopify.com/s/files/1/0826/0632/6003/files/Retatrutide.png?v=1776996787,1,"",false,,,https://cdn.shopify.com/s/files/1/0826/0632/6003/files/Retatrutide_2.png?v=1776996788,kg,,7.00,draft
retatrutide-20mg,,,,,,,,,Vial,,,10mg,,,,,,0.0,shopify,997,deny,manual,110.00,144.00,true,false,,,,,"",https://cdn.shopify.com/s/files/1/0826/0632/6003/files/Retatrutide_2.png?v=1776996788,2,"",,,,https://cdn.shopify.com/s/files/1/0826/0632/6003/files/Retatrutide_4.png?v=1776996787,kg,,11.00,
retatrutide-20mg,,,,,,,,,Vial,,,15mg,,,,,,0.0,shopify,1000,deny,manual,150.00,197.00,true,false,,,,,"",https://cdn.shopify.com/s/files/1/0826/0632/6003/files/Retatrutide_4.png?v=1776996787,3,"",,,,https://cdn.shopify.com/s/files/1/0826/0632/6003/files/Retatrutide_6.png?v=1776996787,kg,,15.00,
retatrutide-20mg,,,,,,,,,Vial,,,20mg,,,,,,0.0,shopify,998,deny,manual,190.00,248.00,true,false,,,,,"",https://cdn.shopify.com/s/files/1/0826/0632/6003/files/Retatrutide_6.png?v=1776996787,4,"",,,,https://cdn.shopify.com/s/files/1/0826/0632/6003/files/Retatrutide_8.png?v=1776996788,kg,,19.00,
retatrutide-20mg,,,,,,,,,Vial,,,30mg,,,,,,0.0,shopify,999,deny,manual,270.00,352.00,true,false,,,,,"",https://cdn.shopify.com/s/files/1/0826/0632/6003/files/Retatrutide_8.png?v=1776996788,5,"",,,,https://cdn.shopify.com/s/files/1/0826/0632/6003/files/Retatrutide_10.png?v=1776996787,kg,,270.00,
retatrutide-20mg,,,,,,,,,,,,,,,,,,,,,,,,,,,,,,,,https://cdn.shopify.com/s/files/1/0826/0632/6003/files/Retatrutide_10.png?v=1776996787,6,"",,,,,,,,
reconstitution-solution,Reconstitution Solution (Free Item),<p></p>,Canada Peptides,Business & Industrial > Science & Laboratory > Biochemicals,"","",false,Title,Default Title,,,,,,,,,0.0,shopify,979,deny,manual,0.00,10.00,true,false,,,,,"",https://cdn.shopify.com/s/files/1/0826/0632/6003/files/ReconstitutionSolution_c3ef7fb8-74ab-4c3a-9778-6a5bcaf2e17d.png?v=1776996785,1,"",false,,,,kg,,,draft
reconstitution-solution-1,Reconstitution Solution,<p></p>,Canada Peptides,Business & Industrial > Science & Laboratory > Biochemicals,"","",false,Title,Default Title,,,,,,,,,0.0,shopify,979,deny,manual,15.00,20.00,true,false,,,,,,https://cdn.shopify.com/s/files/1/0826/0632/6003/files/ReconstitutionSolution_70b8f3e1-d069-4f03-b101-8cbc3123e990.png?v=1776996783,1,"",false,,,,kg,,,draft
pt-141-10mg,PT-141,"<p>
  This batch of PT-141 Peptide has been third-party laboratory tested and verified for quality and consistency. Manufactured under controlled conditions, it is prepared to support reliable use within research environments.
</p>

<div style=""margin:14px 0; padding:14px 16px; background:#f4f6f8; border:1px solid #d9e0e6; border-radius:8px; color:#1f2a37;"">
  <strong style=""display:block; margin-bottom:4px;"">Research Use Notice:</strong>
  <span>This product is intended strictly for research and laboratory use only. Not for human consumption, medical use, or diagnostic purposes.</span>
</div>

<p>
  Contents: PT-141 (Peptide Compound)<br>
  Form: Lyophilized Powder<br>
  Purity: 99.5%<br>
  Grade: Research Grade<br>
  Storage: Store in a cool, dry environment under proper laboratory conditions<br>
  Handling: Follow standard laboratory safety protocols
</p>",Canada Peptides,Business & Industrial > Science & Laboratory > Biochemicals,"","",false,Type,Vial,,,,,,,,,0.0,,996,deny,manual,43.00,56.00,true,false,,,,,"",https://cdn.shopify.com/s/files/1/0826/0632/6003/files/PT-141_b4f16c5f-8893-40b0-a59d-9c101d5fb21f.png?v=1776996782,1,"",false,,,https://cdn.shopify.com/s/files/1/0826/0632/6003/files/PT-141_2_169c0284-d401-4717-9ff0-96f4f74b3036.png?v=1776996782,kg,,7.00,draft
pt-141-10mg,,,,,,,,,,,,,,,,,,,,,,,,,,,,,,,,https://cdn.shopify.com/s/files/1/0826/0632/6003/files/PT-141_2_169c0284-d401-4717-9ff0-96f4f74b3036.png?v=1776996782,2,"",,,,,,,,
peg-mgf,PEG MGF,"<p>
  This batch of PEG MGF Peptide has been third-party laboratory tested and verified for quality and consistency. Manufactured under controlled conditions, it is prepared to support reliable use within research environments.
</p>

<div style=""margin:14px 0; padding:14px 16px; background:#f4f6f8; border:1px solid #d9e0e6; border-radius:8px; color:#1f2a37;"">
  <strong style=""display:block; margin-bottom:4px;"">Research Use Notice:</strong>
  <span>This product is intended strictly for research and laboratory use only. Not for human consumption, medical use, or diagnostic purposes.</span>
</div>

<p>
  Contents: PEG-MGF (Peptide Compound)<br>
  Form: Lyophilized Powder<br>
  Purity: 99.3%<br>
  Grade: Research Grade<br>
  Storage: Store in a cool, dry environment under proper laboratory conditions<br>
  Handling: Follow standard laboratory safety protocols
</p>",Canada Peptides,Business & Industrial > Science & Laboratory > Biochemicals,"","",false,Type,Vial,,,,,,,,,0.0,shopify,1000,deny,manual,100.00,132.00,true,true,,,,,"",https://cdn.shopify.com/s/files/1/0826/0632/6003/files/PEGMGF.png?v=1776996779,1,"",false,,,https://cdn.shopify.com/s/files/1/0826/0632/6003/files/PEG_MGF_2.png?v=1776996779,kg,,11.00,draft
peg-mgf,,,,,,,,,,,,,,,,,,,,,,,,,,,,,,,,https://cdn.shopify.com/s/files/1/0826/0632/6003/files/PEG_MGF_2.png?v=1776996779,2,"",,,,,,,,
oxytocin-acetate-2mg,Oxytocin Acetate,"<p>
  This batch of Oxytocin Acetate Peptide has been third-party laboratory tested and verified for quality and consistency. Manufactured under controlled conditions, it is prepared to support reliable use within research environments.
</p>

<div style=""margin:14px 0; padding:14px 16px; background:#f4f6f8; border:1px solid #d9e0e6; border-radius:8px; color:#1f2a37;"">
  <strong style=""display:block; margin-bottom:4px;"">Research Use Notice:</strong>
  <span>This product is intended strictly for research and laboratory use only. Not for human consumption, medical use, or diagnostic purposes.</span>
</div>

<p>
  Contents: Oxytocin Acetate (Peptide Compound)<br>
  Form: Lyophilized Powder<br>
  Purity: 99.3%<br>
  Grade: Research Grade<br>
  Storage: Store in a cool, dry environment under proper laboratory conditions<br>
  Handling: Follow standard laboratory safety protocols
</p>",Canada Peptides,Business & Industrial > Science & Laboratory > Biochemicals,"","",false,Type,Vial,,,,,,,,,0.0,shopify,1000,deny,manual,42.00,57.00,true,true,,,,,"",https://cdn.shopify.com/s/files/1/0826/0632/6003/files/OxytocinAcetate_c5ea8016-bd9f-4ca4-9576-b87b03f07c5c.png?v=1776996777,1,"",false,,,https://cdn.shopify.com/s/files/1/0826/0632/6003/files/OxytocinAcetate_2_5421030f-883b-4a01-b00d-75373e715c22.png?v=1776996777,kg,,5.00,draft
oxytocin-acetate-2mg,,,,,,,,,,,,,,,,,,,,,,,,,,,,,,,,https://cdn.shopify.com/s/files/1/0826/0632/6003/files/OxytocinAcetate_2_5421030f-883b-4a01-b00d-75373e715c22.png?v=1776996777,2,"",,,,,,,,
oxytocin-2mg,Oxytocin,"<p>
  This batch of Oxytocin Peptide has been third-party laboratory tested and verified for quality and consistency. Manufactured under controlled conditions, it is prepared to support reliable use within research environments.
</p>

<div style=""margin:14px 0; padding:14px 16px; background:#f4f6f8; border:1px solid #d9e0e6; border-radius:8px; color:#1f2a37;"">
  <strong style=""display:block; margin-bottom:4px;"">Research Use Notice:</strong>
  <span>This product is intended strictly for research and laboratory use only. Not for human consumption, medical use, or diagnostic purposes.</span>
</div>

<p>
  Contents: Oxytocin (Peptide Compound)<br>
  Form: Lyophilized Powder<br>
  Purity: 99.3%<br>
  Grade: Research Grade<br>
  Storage: Store in a cool, dry environment under proper laboratory conditions<br>
  Handling: Follow standard laboratory safety protocols
</p>",Canada Peptides,Business & Industrial > Science & Laboratory > Biochemicals,"","",false,Type,Vial,,,,,,,,,0.0,shopify,1000,deny,manual,40.00,53.00,true,true,,,,,"",https://cdn.shopify.com/s/files/1/0826/0632/6003/files/Oxytocin.png?v=1776996776,1,"",false,,,https://cdn.shopify.com/s/files/1/0826/0632/6003/files/Oxytocin_2.png?v=1776996776,kg,,4.00,draft
oxytocin-2mg,,,,,,,,,,,,,,,,,,,,,,,,,,,,,,,,https://cdn.shopify.com/s/files/1/0826/0632/6003/files/Oxytocin_2.png?v=1776996776,2,"",,,,,,,,
nad,NAD+,"<p>
  This batch of NAD+ (Nicotinamide Adenine Dinucleotide) Peptide has been third-party laboratory tested and verified for quality and consistency. Manufactured under controlled conditions, it is prepared to support reliable use within research environments.
</p>

<div style=""margin:14px 0; padding:14px 16px; background:#f4f6f8; border:1px solid #d9e0e6; border-radius:8px; color:#1f2a37;"">
  <strong style=""display:block; margin-bottom:4px;"">Research Use Notice:</strong>
  <span>This product is intended strictly for research and laboratory use only. Not for human consumption, medical use, or diagnostic purposes.</span>
</div>

<p>
  Contents: NAD+ (Nicotinamide Adenine Dinucleotide)<br>
  Form: Lyophilized Powder<br>
  Purity: 99.6%<br>
  Grade: Research Grade<br>
  Storage: Store in a cool, dry environment under proper laboratory conditions<br>
  Handling: Follow standard laboratory safety protocols
</p>",Canada Peptides,Business & Industrial > Science & Laboratory > Biochemicals,"","",false,Type,Vial,,Weight,100mg,,,,,,0.0,shopify,999,deny,manual,40.00,53.00,true,false,,,,,"",https://cdn.shopify.com/s/files/1/0826/0632/6003/files/NAD.png?v=1776996774,1,"",false,,,https://cdn.shopify.com/s/files/1/0826/0632/6003/files/NAD_2.png?v=1776996775,kg,,4.00,draft
nad,,,,,,,,,Vial,,,500mg,,,,,,0.0,shopify,1000,deny,manual,90.00,119.00,true,false,,,,,"",https://cdn.shopify.com/s/files/1/0826/0632/6003/files/NAD_2.png?v=1776996775,2,"",,,,https://cdn.shopify.com/s/files/1/0826/0632/6003/files/NAD_4.png?v=1776996774,kg,,9.00,
nad,,,,,,,,,Vial,,,1000mg,,,,,,0.0,shopify,1000,deny,manual,120.00,157.00,true,false,,,,,"",https://cdn.shopify.com/s/files/1/0826/0632/6003/files/NAD_4.png?v=1776996774,3,"",,,,https://cdn.shopify.com/s/files/1/0826/0632/6003/files/NAD_6.png?v=1776996774,kg,,13.00,
nad,,,,,,,,,,,,,,,,,,,,,,,,,,,,,,,,https://cdn.shopify.com/s/files/1/0826/0632/6003/files/NAD_6.png?v=1776996774,4,"",,,,,,,,
mots-c-40mg,MOTS-c,"<p>
  This batch of MOTS-c Peptide has been third-party laboratory tested and verified for quality and consistency. Manufactured under controlled conditions, it is prepared to support reliable use within research environments.
</p>

<div style=""margin:14px 0; padding:14px 16px; background:#f4f6f8; border:1px solid #d9e0e6; border-radius:8px; color:#1f2a37;"">
  <strong style=""display:block; margin-bottom:4px;"">Research Use Notice:</strong>
  <span>This product is intended strictly for research and laboratory use only. Not for human consumption, medical use, or diagnostic purposes.</span>
</div>

<p>
  Contents: MOTS-c (Peptide Compound)<br>
  Form: Lyophilized Powder<br>
  Purity: 99.0%<br>
  Grade: Research Grade<br>
  Storage: Store in a cool, dry environment under proper laboratory conditions<br>
  Handling: Follow standard laboratory safety protocols
</p>",Canada Peptides,Business & Industrial > Science & Laboratory > Biochemicals,"","",false,Type,Vial,,Weight,10mg,,,,,,0.0,shopify,999,deny,manual,50.00,67.00,true,false,,,,,"",https://cdn.shopify.com/s/files/1/0826/0632/6003/files/MOTS-c.png?v=1776996772,1,"",false,,,https://cdn.shopify.com/s/files/1/0826/0632/6003/files/MOTS-c_2.png?v=1776996772,kg,,7.00,draft
mots-c-40mg,,,,,,,,,Vial,,,40mg,,,,,,0.0,shopify,1000,deny,manual,130.00,172.00,true,false,,,,,"",https://cdn.shopify.com/s/files/1/0826/0632/6003/files/MOTS-c_2.png?v=1776996772,2,"",,,,https://cdn.shopify.com/s/files/1/0826/0632/6003/files/MOTS-c_4.png?v=1776996772,kg,,22.00,
mots-c-40mg,,,,,,,,,,,,,,,,,,,,,,,,,,,,,,,,https://cdn.shopify.com/s/files/1/0826/0632/6003/files/MOTS-c_4.png?v=1776996772,3,"",,,,,,,,
melatonin-10mg,Melatonin,"<p>
  This batch of Melatonin Peptide has been third-party laboratory tested and verified for quality and consistency. Manufactured under controlled conditions, it is prepared to support reliable use within research environments.
</p>

<div style=""margin:14px 0; padding:14px 16px; background:#f4f6f8; border:1px solid #d9e0e6; border-radius:8px; color:#1f2a37;"">
  <strong style=""display:block; margin-bottom:4px;"">Research Use Notice:</strong>
  <span>This product is intended strictly for research and laboratory use only. Not for human consumption, medical use, or diagnostic purposes.</span>
</div>

<p>
  Contents: Melatonin (Compound)<br>
  Form: Lyophilized Powder<br>
  Purity: 99.3%<br>
  Grade: Research Grade<br>
  Storage: Store in a cool, dry environment under proper laboratory conditions<br>
  Handling: Follow standard laboratory safety protocols
</p>",Canada Peptides,Health & Beauty > Health Care > Medicine & Drugs,"","",false,Type,Vial,,,,,,,,,0.0,shopify,1000,deny,manual,50.00,67.00,true,true,,,,,"",https://cdn.shopify.com/s/files/1/0826/0632/6003/files/Melatonin.png?v=1776996771,1,"",false,,,https://cdn.shopify.com/s/files/1/0826/0632/6003/files/Melatonin_2.png?v=1776996770,kg,,6.00,draft
melatonin-10mg,,,,,,,,,,,,,,,,,,,,,,,,,,,,,,,,https://cdn.shopify.com/s/files/1/0826/0632/6003/files/Melatonin_2.png?v=1776996770,2,"",,,,,,,,
melanotan-2-10mg,Melanotan II (MT2),"<p>
  This batch of Melanotan II (MT2) Peptide has been third-party laboratory tested and verified for quality and consistency. Manufactured under controlled conditions, it is prepared to support reliable use within research environments.
</p>

<div style=""margin:14px 0; padding:14px 16px; background:#f4f6f8; border:1px solid #d9e0e6; border-radius:8px; color:#1f2a37;"">
  <strong style=""display:block; margin-bottom:4px;"">Research Use Notice:</strong>
  <span>This product is intended strictly for research and laboratory use only. Not for human consumption, medical use, or diagnostic purposes.</span>
</div>

<p>
  Contents: Melanotan II (MT2) (Peptide Compound)<br>
  Form: Lyophilized Powder<br>
  Purity: 99.5%<br>
  Grade: Research Grade<br>
  Storage: Store in a cool, dry environment under proper laboratory conditions<br>
  Handling: Follow standard laboratory safety protocols
</p>",Canada Peptides,Business & Industrial > Science & Laboratory > Biochemicals,"","",false,Title,Default Title,,,,,,,,,0.0,shopify,998,deny,manual,50.00,67.00,true,false,,,,,"",https://cdn.shopify.com/s/files/1/0826/0632/6003/files/Melanotan2_093a43db-5384-4f32-a59b-ef5c67be054e.png?v=1776996769,1,"",false,,,,kg,,5.00,draft
melanotan-2-10mg,,,,,,,,,,,,,,,,,,,,,,,,,,,,,,,,https://cdn.shopify.com/s/files/1/0826/0632/6003/files/Melanotan2_2_c57c0dbe-36b5-488f-8402-3eff7f9e936d.png?v=1776996769,2,"",,,,,,,,
lipo-c-with-b-vitamins-10ml,Lipo-C with B Vitamins,"<p>
  This batch of Lipo-C with B Vitamins Peptide has been third-party laboratory tested and verified for quality and consistency. Manufactured under controlled conditions, it is prepared to support reliable use within research environments.
</p>

<div style=""margin:14px 0; padding:14px 16px; background:#f4f6f8; border:1px solid #d9e0e6; border-radius:8px; color:#1f2a37;"">
  <strong style=""display:block; margin-bottom:4px;"">Research Use Notice:</strong>
  <span>This product is intended strictly for research and laboratory use only. Not for human consumption, medical use, or diagnostic purposes.</span>
</div>

<p>
  Contents: Lipo-C with B Vitamins (Compound Blend)<br>
  Form: Liquid Solution<br>
  Purity: 99.3%<br>
  Grade: Research Grade<br>
  Storage: Store in a cool, dry environment under proper laboratory conditions<br>
  Handling: Follow standard laboratory safety protocols
</p>",Canada Peptides,Health & Beauty > Health Care > Fitness & Nutrition > Vitamins & Supplements > Multivitamin Supplements,"","",false,Type,Vial,,,,,,,,,0.0,shopify,1000,deny,manual,85.00,112.00,true,true,,,,,"",https://cdn.shopify.com/s/files/1/0826/0632/6003/files/Lipo-CwithBVitamins.png?v=1776996767,1,"",false,,,https://cdn.shopify.com/s/files/1/0826/0632/6003/files/Lipo-C_with_B_Vitamins_2.png?v=1776996768,kg,,8.00,draft
lipo-c-with-b-vitamins-10ml,,,,,,,,,,,,,,,,,,,,,,,,,,,,,,,,https://cdn.shopify.com/s/files/1/0826/0632/6003/files/Lipo-C_with_B_Vitamins_2.png?v=1776996768,2,"",,,,,,,,
lipo-c-10mg,Lipo-C,"<p>
  This batch of Lipo-C Peptide has been third-party laboratory tested and verified for quality and consistency. Manufactured under controlled conditions, it is prepared to support reliable use within research environments.
</p>

<div style=""margin:14px 0; padding:14px 16px; background:#f4f6f8; border:1px solid #d9e0e6; border-radius:8px; color:#1f2a37;"">
  <strong style=""display:block; margin-bottom:4px;"">Research Use Notice:</strong>
  <span>This product is intended strictly for research and laboratory use only. Not for human consumption, medical use, or diagnostic purposes.</span>
</div>

<p>
  Contents: Lipo-C (Compound Blend)<br>
  Form: Lyophilized Powder<br>
  Purity: 99.3%<br>
  Grade: Research Grade<br>
  Storage: Store in a cool, dry environment under proper laboratory conditions<br>
  Handling: Follow standard laboratory safety protocols
</p>",Canada Peptides,Business & Industrial > Science & Laboratory > Biochemicals,"","",false,Type,Vial,,,,,,,,,0.0,shopify,1000,deny,manual,80.00,104.00,true,true,,,,,"",https://cdn.shopify.com/s/files/1/0826/0632/6003/files/Lipo-C.png?v=1776996766,1,"",false,,,https://cdn.shopify.com/s/files/1/0826/0632/6003/files/Lipo-C_2.png?v=1776996766,kg,,8.00,draft
lipo-c-10mg,,,,,,,,,,,,,,,,,,,,,,,,,,,,,,,,https://cdn.shopify.com/s/files/1/0826/0632/6003/files/Lipo-C_2.png?v=1776996766,2,"",,,,,,,,
lemon-bottle-10mg,Lemon Bottle,"<p>
  This batch of Lemon Bottle Peptide has been third-party laboratory tested and verified for quality and consistency. Manufactured under controlled conditions, it is prepared to support reliable use within research environments.
</p>

<div style=""margin:14px 0; padding:14px 16px; background:#f4f6f8; border:1px solid #d9e0e6; border-radius:8px; color:#1f2a37;"">
  <strong style=""display:block; margin-bottom:4px;"">Research Use Notice:</strong>
  <span>This product is intended strictly for research and laboratory use only. Not for human consumption, medical use, or diagnostic purposes.</span>
</div>

<p>
  Contents: Lemon Bottle Complex (Compound Blend)<br>
  Form: Lyophilized Powder<br>
  Purity: 99.2%<br>
  Grade: Research Grade<br>
  Storage: Store in a cool, dry environment under proper laboratory conditions<br>
  Handling: Follow standard laboratory safety protocols
</p>x",Canada Peptides,Business & Industrial > Science & Laboratory > Biochemicals,"","",false,Type,Vial,,,,,,,,,0.0,shopify,1000,deny,manual,80.00,105.00,true,true,,,,,"",https://cdn.shopify.com/s/files/1/0826/0632/6003/files/LemonBottle.png?v=1776996765,1,"",false,,,https://cdn.shopify.com/s/files/1/0826/0632/6003/files/Lemon_Bottle_2.png?v=1776996765,kg,,8.00,draft
lemon-bottle-10mg,,,,,,,,,,,,,,,,,,,,,,,,,,,,,,,,https://cdn.shopify.com/s/files/1/0826/0632/6003/files/Lemon_Bottle_2.png?v=1776996765,2,"",,,,,,,,
l-carnitine-10ml-600mg,L-Carnitine,"<p>
  This batch of L-Carnitine Injectable Solution Peptide has been third-party laboratory tested and verified for quality and consistency. Manufactured under controlled conditions, it is prepared to support reliable use within research environments.
</p>

<div style=""margin:14px 0; padding:14px 16px; background:#f4f6f8; border:1px solid #d9e0e6; border-radius:8px; color:#1f2a37;"">
  <strong style=""display:block; margin-bottom:4px;"">Research Use Notice:</strong>
  <span>This product is intended strictly for research and laboratory use only. Not for human consumption, medical use, or diagnostic purposes.</span>
</div>

<p>
  Contents: L-Carnitine (Compound)<br>
  Form: Liquid Solution<br>
  Purity: 99.83%<br>
  Grade: Research Grade<br>
  Storage: Store in a cool, dry environment under proper laboratory conditions<br>
  Handling: Follow standard laboratory safety protocols
</p>",Canada Peptides,Health & Beauty > Health Care > Fitness & Nutrition > Vitamins & Supplements > Amino Acids,"","",false,Type,Vial,,,,,,,,,0.0,shopify,1000,deny,manual,97.00,127.00,true,false,,,,,"",https://cdn.shopify.com/s/files/1/0826/0632/6003/files/L-Carnitine.png?v=1776996763,1,"",false,,,https://cdn.shopify.com/s/files/1/0826/0632/6003/files/L-Carnitine_2.png?v=1776996763,kg,,10.00,draft
l-carnitine-10ml-600mg,,,,,,,,,,,,,,,,,,,,,,,,,,,,,,,,https://cdn.shopify.com/s/files/1/0826/0632/6003/files/L-Carnitine_2.png?v=1776996763,2,"",,,,,,,,
kpv-10mg,KPV Tripeptide,"<p>
  This batch of KPV Peptide has been third-party laboratory tested and verified for quality and consistency. Manufactured under controlled conditions, it is prepared to support reliable use within research environments.
</p>

<div style=""margin:14px 0; padding:14px 16px; background:#f4f6f8; border:1px solid #d9e0e6; border-radius:8px; color:#1f2a37;"">
  <strong style=""display:block; margin-bottom:4px;"">Research Use Notice:</strong>
  <span>This product is intended strictly for research and laboratory use only. Not for human consumption, medical use, or diagnostic purposes.</span>
</div>

<p>
  Contents: KPV (Peptide Compound)<br>
  Form: Lyophilized Powder<br>
  Purity: 99.0%<br>
  Grade: Research Grade<br>
  Storage: Store in a cool, dry environment under proper laboratory conditions<br>
  Handling: Follow standard laboratory safety protocols
</p>",Canada Peptides,Business & Industrial > Science & Laboratory > Biochemicals,"","",true,Type,Vial,,Weight,5mg,,,,,,0.0,shopify,1000,deny,manual,56.00,74.00,true,false,,,,,"",https://cdn.shopify.com/s/files/1/0826/0632/6003/files/KPV_Ac-KPV-NH.png?v=1776996762,1,"",false,,,https://cdn.shopify.com/s/files/1/0826/0632/6003/files/KPV_Ac-KPV-NH_2.png?v=1776996762,kg,,,active
kpv-10mg,,,,,,,,,Vial,,,10mg,,,,,,0.0,shopify,1000,deny,manual,69.00,92.00,true,false,,,,,"",https://cdn.shopify.com/s/files/1/0826/0632/6003/files/KPV_Ac-KPV-NH_2.png?v=1776996762,2,"",,,,https://cdn.shopify.com/s/files/1/0826/0632/6003/files/KPV_Ac-KPV-NH_4.png?v=1776996762,kg,,,
kpv-10mg,,,,,,,,,,,,,,,,,,,,,,,,,,,,,,,,https://cdn.shopify.com/s/files/1/0826/0632/6003/files/KPV_Ac-KPV-NH_4.png?v=1776996762,3,"",,,,,,,,
ghk-cu-tb-500-bpc-157-kpv-peptide-blend-total-80mg,KLOW Blend - GHK-CU + TB-500 + BPC-157 + KPV 10mg,"<p>
  This batch of GHK-Cu + TB-500 + BPC-157 + KPV Peptide Blend has been third-party laboratory tested and verified for quality and consistency. Manufactured under controlled conditions, it is prepared to support reliable use within research environments.
</p>

<div style=""margin:14px 0; padding:14px 16px; background:#f4f6f8; border:1px solid #d9e0e6; border-radius:8px; color:#1f2a37;"">
  <strong style=""display:block; margin-bottom:4px;"">Research Use Notice:</strong>
  <span>This product is intended strictly for research and laboratory use only. Not for human consumption, medical use, or diagnostic purposes.</span>
</div>

<p>
  Contents: GHK-Cu, TB-500, BPC-157, KPV (Peptide Blend)<br>
  Form: Lyophilized Powder<br>
  Purity: 99.2%<br>
  Grade: Research Grade<br>
  Storage: Store in a cool, dry environment under proper laboratory conditions<br>
  Handling: Follow standard laboratory safety protocols
</p>",Canada Peptides,Business & Industrial > Science & Laboratory > Biochemicals,"","",false,Type,Vial,,,,,,,,,0.0,shopify,998,deny,manual,200.00,261.00,true,true,,,,,"",https://cdn.shopify.com/s/files/1/0826/0632/6003/files/BPC-157_TB-500_KPV_GHK-Cu_3459276c-e775-4a8a-888c-18213069fd33.png?v=1776996760,1,"",false,,,https://cdn.shopify.com/s/files/1/0826/0632/6003/files/BPC-157_TB-500_KPV_GHK-Cu_2_028e6d21-6c09-4876-b554-99936c4fed2e.png?v=1776996760,kg,,30.00,draft
ghk-cu-tb-500-bpc-157-kpv-peptide-blend-total-80mg,,,,,,,,,,,,,,,,,,,,,,,,,,,,,,,,https://cdn.shopify.com/s/files/1/0826/0632/6003/files/BPC-157_TB-500_KPV_GHK-Cu_2_028e6d21-6c09-4876-b554-99936c4fed2e.png?v=1776996760,2,"",,,,,,,,
kisspeptin-10-10mg,Kisspeptin-10,"<p>
  This batch of Kisspeptin-10 Peptide has been third-party laboratory tested and verified for quality and consistency. Manufactured under controlled conditions, it is prepared to support reliable use within research environments.
</p>

<div style=""margin:14px 0; padding:14px 16px; background:#f4f6f8; border:1px solid #d9e0e6; border-radius:8px; color:#1f2a37;"">
  <strong style=""display:block; margin-bottom:4px;"">Research Use Notice:</strong>
  <span>This product is intended strictly for research and laboratory use only. Not for human consumption, medical use, or diagnostic purposes.</span>
</div>

<p>
  Contents: Kisspeptin-10 (Peptide Compound)<br>
  Form: Lyophilized Powder<br>
  Purity: 99.0%<br>
  Grade: Research Grade<br>
  Storage: Store in a cool, dry environment under proper laboratory conditions<br>
  Handling: Follow standard laboratory safety protocols
</p>",Canada Peptides,Business & Industrial > Science & Laboratory > Biochemicals,"","",false,Type,Vial,,Weight,5mg,,,,,,0.0,shopify,1000,deny,manual,65.00,85.00,true,false,,,,,"",https://cdn.shopify.com/s/files/1/0826/0632/6003/files/Kisspeptin-10_30f0c461-d073-4476-ba7f-eee80ee64472.png?v=1776996759,1,"",false,,,https://cdn.shopify.com/s/files/1/0826/0632/6003/files/Kisspeptin-10_2_bf674d86-b067-4b42-a0df-5f1d722ef2af.png?v=1776996760,kg,,7.00,draft
kisspeptin-10-10mg,,,,,,,,,Vial,,,10mg,,,,,,0.0,shopify,1000,deny,manual,95.00,124.00,true,false,,,,,"",https://cdn.shopify.com/s/files/1/0826/0632/6003/files/Kisspeptin-10_2_bf674d86-b067-4b42-a0df-5f1d722ef2af.png?v=1776996760,2,"",,,,https://cdn.shopify.com/s/files/1/0826/0632/6003/files/Kisspeptin-10_4_54298674-3b2a-4659-a56f-cb8a5cca3210.png?v=1776996759,kg,,12.00,
kisspeptin-10-10mg,,,,,,,,,,,,,,,,,,,,,,,,,,,,,,,,https://cdn.shopify.com/s/files/1/0826/0632/6003/files/Kisspeptin-10_4_54298674-3b2a-4659-a56f-cb8a5cca3210.png?v=1776996759,3,"",,,,,,,,
gh-ipamorelin-5mg,Ipamorelin,"<p>
  This batch of Ipamorelin Peptide has been third-party laboratory tested and verified for quality and consistency. Manufactured under controlled conditions, it is prepared to support reliable use within research environments.
</p>

<div style=""margin:14px 0; padding:14px 16px; background:#f4f6f8; border:1px solid #d9e0e6; border-radius:8px; color:#1f2a37;"">
  <strong style=""display:block; margin-bottom:4px;"">Research Use Notice:</strong>
  <span>This product is intended strictly for research and laboratory use only. Not for human consumption, medical use, or diagnostic purposes.</span>
</div>

<p>
  Contents: Ipamorelin (Peptide Compound)<br>
  Form: Lyophilized Powder<br>
  Purity: 99.4%<br>
  Grade: Research Grade<br>
  Storage: Store in a cool, dry environment under proper laboratory conditions<br>
  Handling: Follow standard laboratory safety protocols
</p>",Canada Peptides,Business & Industrial > Science & Laboratory > Biochemicals,"","",false,Type,Vial,,Weight,5mg,,,,,,0.0,shopify,999,deny,manual,32.00,42.00,true,false,,,,,"",https://cdn.shopify.com/s/files/1/0826/0632/6003/files/Ipamorelin.png?v=1776996758,1,"",false,,,https://cdn.shopify.com/s/files/1/0826/0632/6003/files/Ipamorelin_2.png?v=1776996758,kg,,5.00,draft
gh-ipamorelin-5mg,,,,,,,,,Vial,,,10mg,,,,,,0.0,shopify,1000,deny,manual,63.00,82.00,true,false,,,,,"",https://cdn.shopify.com/s/files/1/0826/0632/6003/files/Ipamorelin_2.png?v=1776996758,2,"",,,,https://cdn.shopify.com/s/files/1/0826/0632/6003/files/Ipamorelin_4.png?v=1776996758,kg,,8.00,
gh-ipamorelin-5mg,,,,,,,,,,,,,,,,,,,,,,,,,,,,,,,,https://cdn.shopify.com/s/files/1/0826/0632/6003/files/Ipamorelin_4.png?v=1776996758,3,"",,,,,,,,
igf-des-0-1mg,IGF-DES,"<p>
  This batch of IGF-DES Peptide has been third-party laboratory tested and verified for quality and consistency. Manufactured under controlled conditions, it is prepared to support reliable use within research environments.
</p>

<div style=""margin:14px 0; padding:14px 16px; background:#f4f6f8; border:1px solid #d9e0e6; border-radius:8px; color:#1f2a37;"">
  <strong style=""display:block; margin-bottom:4px;"">Research Use Notice:</strong>
  <span>This product is intended strictly for research and laboratory use only. Not for human consumption, medical use, or diagnostic purposes.</span>
</div>

<p>
  Contents: IGF-DES (Peptide Compound)<br>
  Form: Lyophilized Powder<br>
  Purity: 99.3%<br>
  Grade: Research Grade<br>
  Storage: Store in a cool, dry environment under proper laboratory conditions<br>
  Handling: Follow standard laboratory safety protocols
</p>",Canada Peptides,Business & Industrial > Science & Laboratory > Biochemicals,"","",false,Type,Vial,,,,,,,,,0.0,shopify,1000,deny,manual,60.00,79.00,true,true,,,,,"",https://cdn.shopify.com/s/files/1/0826/0632/6003/files/IGF-DES.png?v=1776996756,1,"",false,,,https://cdn.shopify.com/s/files/1/0826/0632/6003/files/IGF-DES_2.png?v=1776996756,kg,,6.00,draft
igf-des-0-1mg,,,,,,,,,,,,,,,,,,,,,,,,,,,,,,,,https://cdn.shopify.com/s/files/1/0826/0632/6003/files/IGF-DES_2.png?v=1776996756,2,"",,,,,,,,
igf-1-lr3-1mg,IGF-1 LR3 (Long R3),"<p>
  This batch of IGF-1 LR3 (Long R3) Peptide has been third-party laboratory tested and verified for quality and consistency. Manufactured under controlled conditions, it is prepared to support reliable use within research environments.
</p>

<div style=""margin:14px 0; padding:14px 16px; background:#f4f6f8; border:1px solid #d9e0e6; border-radius:8px; color:#1f2a37;"">
  <strong style=""display:block; margin-bottom:4px;"">Research Use Notice:</strong>
  <span>This product is intended strictly for research and laboratory use only. Not for human consumption, medical use, or diagnostic purposes.</span>
</div>

<p>
  Contents: IGF-1 LR3 (Long R3 Peptide Compound)<br>
  Form: Lyophilized Powder<br>
  Purity: 99.4%<br>
  Grade: Research Grade<br>
  Storage: Store in a cool, dry environment under proper laboratory conditions<br>
  Handling: Follow standard laboratory safety protocols
</p>",Canada Peptides,Business & Industrial > Science & Laboratory > Biochemicals,"","",false,Type,Vial,,Weight,1mg,,,,,,0.0,shopify,999,deny,manual,115.00,151.00,true,false,,,,,"",https://cdn.shopify.com/s/files/1/0826/0632/6003/files/IGF-1LR3.png?v=1776996755,1,"",false,,,https://cdn.shopify.com/s/files/1/0826/0632/6003/files/IGF-1_LR3_4_49ce8076-d89b-4cdd-aac5-4022677f2537.png?v=1776996755,kg,,22.00,draft
igf-1-lr3-1mg,,,,,,,,,Vial,,,0.1mg,,,,,,0.0,shopify,1000,deny,manual,40.00,53.00,true,false,,,,,"",https://cdn.shopify.com/s/files/1/0826/0632/6003/files/IGF-1_LR3_4_49ce8076-d89b-4cdd-aac5-4022677f2537.png?v=1776996755,2,"",,,,https://cdn.shopify.com/s/files/1/0826/0632/6003/files/IGF-1_LR3_2_e1191247-bc2e-4ee2-a82b-c56466444720.png?v=1776996755,kg,,4.00,
igf-1-lr3-1mg,,,,,,,,,,,,,,,,,,,,,,,,,,,,,,,,https://cdn.shopify.com/s/files/1/0826/0632/6003/files/IGF-1_LR3_2_e1191247-bc2e-4ee2-a82b-c56466444720.png?v=1776996755,3,"",,,,,,,,
hyaluronic-acid-5mg,Hyaluronic,"<p>
  This batch of Hyaluronic Acid Peptide has been third-party laboratory tested and verified for quality and consistency. Manufactured under controlled conditions, it is prepared to support reliable use within research environments.
</p>

<div style=""margin:14px 0; padding:14px 16px; background:#f4f6f8; border:1px solid #d9e0e6; border-radius:8px; color:#1f2a37;"">
  <strong style=""display:block; margin-bottom:4px;"">Research Use Notice:</strong>
  <span>This product is intended strictly for research and laboratory use only. Not for human consumption, medical use, or diagnostic purposes.</span>
</div>

<p>
  Contents: Hyaluronic Acid (Sodium Hyaluronate, Polymer Compound)<br>
  Form: Lyophilized Powder<br>
  Purity: 99.3%<br>
  Grade: Research Grade<br>
  Storage: Store in a cool, dry environment under proper laboratory conditions<br>
  Handling: Follow standard laboratory safety protocols
</p>",Canada Peptides,Business & Industrial > Science & Laboratory > Biochemicals,"","",false,Type,Vial,,,,,,,,,0.0,shopify,1000,deny,manual,28.00,37.00,true,true,,,,,"",https://cdn.shopify.com/s/files/1/0826/0632/6003/files/HyaluronicAcid.png?v=1776996754,1,"",false,,,https://cdn.shopify.com/s/files/1/0826/0632/6003/files/Hyaluronic_Acid_2.png?v=1776996754,kg,,3.00,draft
hyaluronic-acid-5mg,,,,,,,,,,,,,,,,,,,,,,,,,,,,,,,,https://cdn.shopify.com/s/files/1/0826/0632/6003/files/Hyaluronic_Acid_2.png?v=1776996754,2,"",,,,,,,,
hgh-fragment-176-191-5mg,HGH Fragment 176-191,"<p>
  This batch of HGH Fragment 176-191 Peptide has been third-party laboratory tested and verified for quality and consistency. Manufactured under controlled conditions, it is prepared to support reliable use within research environments.
</p>

<div style=""margin:14px 0; padding:14px 16px; background:#f4f6f8; border:1px solid #d9e0e6; border-radius:8px; color:#1f2a37;"">
  <strong style=""display:block; margin-bottom:4px;"">Research Use Notice:</strong>
  <span>This product is intended strictly for research and laboratory use only. Not for human consumption, medical use, or diagnostic purposes.</span>
</div>

<p>
  Contents: HGH Fragment 176-191 (Peptide Compound)<br>
  Form: Lyophilized Powder<br>
  Purity: 99.1%<br>
  Grade: Research Grade<br>
  Storage: Store in a cool, dry environment under proper laboratory conditions<br>
  Handling: Follow standard laboratory safety protocols
</p>",Canada Peptides,Business & Industrial > Science & Laboratory > Biochemicals,"","",false,Type,Vial,,,,,,,,,0.0,shopify,1000,deny,manual,97.00,127.00,true,true,,,,,"",https://cdn.shopify.com/s/files/1/0826/0632/6003/files/HGHFragment.png?v=1776996752,1,"",false,,,https://cdn.shopify.com/s/files/1/0826/0632/6003/files/HGH_Fragment_2.png?v=1776996752,kg,,10.00,draft
hgh-fragment-176-191-5mg,,,,,,,,,,,,,,,,,,,,,,,,,,,,,,,,https://cdn.shopify.com/s/files/1/0826/0632/6003/files/HGH_Fragment_2.png?v=1776996752,2,"",,,,,,,,
hgh-191aa-somatropin,HGH 191AA (Somatropin),"<p>
  This batch of HGH 191AA Peptide has been third-party laboratory tested and verified for quality and consistency. Manufactured under controlled conditions, it is prepared to support reliable use within research environments.
</p>

<div style=""margin:14px 0; padding:14px 16px; background:#f4f6f8; border:1px solid #d9e0e6; border-radius:8px; color:#1f2a37;"">
  <strong style=""display:block; margin-bottom:4px;"">Research Use Notice:</strong>
  <span>This product is intended strictly for research and laboratory use only. Not for human consumption, medical use, or diagnostic purposes.</span>
</div>

<p>
  Contents: HGH 191AA (Peptide Compound)<br>
  Form: Lyophilized Powder<br>
  Purity: 99.4%<br>
  Grade: Research Grade<br>
  Storage: Store in a cool, dry environment under proper laboratory conditions<br>
  Handling: Follow standard laboratory safety protocols
</p>",Canada Peptides,Business & Industrial > Science & Laboratory > Biochemicals,"","",false,Type,Vial,,Weight,10mg,,,,,,0.0,shopify,1000,deny,manual,55.00,72.00,true,true,,,,,"",https://cdn.shopify.com/s/files/1/0826/0632/6003/files/HGH191AA.png?v=1776996751,1,"",false,,,https://cdn.shopify.com/s/files/1/0826/0632/6003/files/HGH_191AA_2.png?v=1776996751,kg,,6.00,draft
hgh-191aa-somatropin,,,,,,,,,Vial,,,15mg,,,,,,0.0,shopify,1000,deny,manual,80.00,105.00,true,true,,,,,"",https://cdn.shopify.com/s/files/1/0826/0632/6003/files/HGH_191AA_2.png?v=1776996751,2,"",,,,https://cdn.shopify.com/s/files/1/0826/0632/6003/files/HGH_191AA_4.png?v=1776996751,kg,,8.00,
hgh-191aa-somatropin,,,,,,,,,,,,,,,,,,,,,,,,,,,,,,,,https://cdn.shopify.com/s/files/1/0826/0632/6003/files/HGH_191AA_4.png?v=1776996751,3,"",,,,,,,,
hgh-150iu,HGH,"<p>
  This batch of HGH Peptide has been third-party laboratory tested and verified for quality and consistency. Manufactured under controlled conditions, it is prepared to support reliable use within research environments.
</p>

<div style=""margin:14px 0; padding:14px 16px; background:#f4f6f8; border:1px solid #d9e0e6; border-radius:8px; color:#1f2a37;"">
  <strong style=""display:block; margin-bottom:4px;"">Research Use Notice:</strong>
  <span>This product is intended strictly for research and laboratory use only. Not for human consumption, medical use, or diagnostic purposes.</span>
</div>

<p>
  Contents: HGH (Peptide Compound)<br>
  Form: Lyophilized Powder<br>
  Purity: 99.3%<br>
  Grade: Research Grade<br>
  Storage: Store in a cool, dry environment under proper laboratory conditions<br>
  Handling: Follow standard laboratory safety protocols
</p>",Canada Peptides,Business & Industrial > Science & Laboratory > Biochemicals,"","",false,Type,Vial,,,,,,,,,0.0,shopify,996,deny,manual,172.00,224.00,true,false,,,,,"",https://cdn.shopify.com/s/files/1/0826/0632/6003/files/HGH.png?v=1776996750,1,"",false,,,https://cdn.shopify.com/s/files/1/0826/0632/6003/files/HGH_2.png?v=1776996750,kg,,,draft
hgh-150iu,,,,,,,,,,,,,,,,,,,,,,,,,,,,,,,,https://cdn.shopify.com/s/files/1/0826/0632/6003/files/HGH_2.png?v=1776996750,2,"",,,,,,,,
hcg-5000iu,HCG,"<p>
  This batch of HCG Peptide has been third-party laboratory tested and verified for quality and consistency. Manufactured under controlled conditions, it is prepared to support reliable use within research environments.
</p>

<div style=""margin:14px 0; padding:14px 16px; background:#f4f6f8; border:1px solid #d9e0e6; border-radius:8px; color:#1f2a37;"">
  <strong style=""display:block; margin-bottom:4px;"">Research Use Notice:</strong>
  <span>This product is intended strictly for research and laboratory use only. Not for human consumption, medical use, or diagnostic purposes.</span>
</div>

<p>
  Contents: HCG (Peptide Compound)<br>
  Form: Lyophilized Powder<br>
  Purity: 99.3%<br>
  Grade: Research Grade<br>
  Storage: Store in a cool, dry environment under proper laboratory conditions<br>
  Handling: Follow standard laboratory safety protocols
</p>",Canada Peptides,Business & Industrial > Science & Laboratory > Biochemicals,"","",false,Type,Vial,,Weight,5000iu,,,,,,0.0,shopify,1000,deny,manual,72.00,94.00,true,false,,,,,"",https://cdn.shopify.com/s/files/1/0826/0632/6003/files/HCG5000iu.png?v=1776996748,1,"",false,,,https://cdn.shopify.com/s/files/1/0826/0632/6003/files/HCG_5000iu_2.png?v=1776996748,kg,,9.00,draft
hcg-5000iu,,,,,,,,,Vial,,,10000iu,,,,,,0.0,shopify,1000,deny,manual,125.00,164.00,true,false,,,,,"",https://cdn.shopify.com/s/files/1/0826/0632/6003/files/HCG10000iu.png?v=1776996748,2,"",,,,https://cdn.shopify.com/s/files/1/0826/0632/6003/files/HCG_10000iu_2.png?v=1776996748,kg,,17.00,
hcg-5000iu,,,,,,,,,,,,,,,,,,,,,,,,,,,,,,,,https://cdn.shopify.com/s/files/1/0826/0632/6003/files/HCG_5000iu_2.png?v=1776996748,3,"",,,,,,,,
hcg-5000iu,,,,,,,,,,,,,,,,,,,,,,,,,,,,,,,,https://cdn.shopify.com/s/files/1/0826/0632/6003/files/HCG_10000iu_2.png?v=1776996748,4,"",,,,,,,,
glutathione-1500mg,Glutathione,"<p>
  This batch of Glutathione Peptide has been third-party laboratory tested and verified for quality and consistency. Manufactured under controlled conditions, it is prepared to support reliable use within research environments.
</p>

<div style=""margin:14px 0; padding:14px 16px; background:#f4f6f8; border:1px solid #d9e0e6; border-radius:8px; color:#1f2a37;"">
  <strong style=""display:block; margin-bottom:4px;"">Research Use Notice:</strong>
  <span>This product is intended strictly for research and laboratory use only. Not for human consumption, medical use, or diagnostic purposes.</span>
</div>

<p>
  Contents: Glutathione (Tripeptide Compound)<br>
  Form: Lyophilized Powder<br>
  Purity: 99.3%<br>
  Grade: Research Grade<br>
  Storage: Store in a cool, dry environment under proper laboratory conditions<br>
  Handling: Follow standard laboratory safety protocols
</p>",Canada Peptides,Health & Beauty > Health Care > Fitness & Nutrition > Vitamins & Supplements > Amino Acids,"","",false,Type,Vial,,,,,,,,,0.0,shopify,1000,deny,manual,83.00,109.00,true,true,,,,,"",https://cdn.shopify.com/s/files/1/0826/0632/6003/files/Glutathione.png?v=1776996746,1,"",false,,,https://cdn.shopify.com/s/files/1/0826/0632/6003/files/Glutathione_2.png?v=1776996746,kg,,,draft
glutathione-1500mg,,,,,,,,,,,,,,,,,,,,,,,,,,,,,,,,https://cdn.shopify.com/s/files/1/0826/0632/6003/files/Glutathione_2.png?v=1776996746,2,"",,,,,,,,
glow-bpc-157-ghk-cu-tb-500-peptide-blend-total-70mg,Glow BPC-157 + GHK-CU + TB-500,"<p>
  This batch of BPC-157 + GHK-Cu + TB-500 Peptide Blend has been third-party laboratory tested and verified for quality and consistency. Manufactured under controlled conditions, it is prepared to support reliable use within research environments.
</p>

<div style=""margin:14px 0; padding:14px 16px; background:#f4f6f8; border:1px solid #d9e0e6; border-radius:8px; color:#1f2a37;"">
  <strong style=""display:block; margin-bottom:4px;"">Research Use Notice:</strong>
  <span>This product is intended strictly for research and laboratory use only. Not for human consumption, medical use, or diagnostic purposes.</span>
</div>

<p>
  Contents: BPC-157, GHK-Cu, TB-500 (Peptide Blend)<br>
  Form: Lyophilized Powder<br>
  Purity: 99.3%<br>
  Grade: Research Grade<br>
  Storage: Store in a cool, dry environment under proper laboratory conditions<br>
  Handling: Follow standard laboratory safety protocols
</p>",Canada Peptides,Business & Industrial > Science & Laboratory > Biochemicals,"","",false,Type,Vial,,,,,,,,,0.0,shopify,1000,deny,manual,139.00,181.00,true,true,,,,,"",https://cdn.shopify.com/s/files/1/0826/0632/6003/files/BPC_TB_GHK_dff72058-b0c2-43c8-a905-3ed176dec690.png?v=1776996745,1,"",false,,,https://cdn.shopify.com/s/files/1/0826/0632/6003/files/BPC_TB_GHK_2_17b53892-5c57-4929-9c25-1bdf7e2b261c.png?v=1776996744,kg,,22.00,draft
glow-bpc-157-ghk-cu-tb-500-peptide-blend-total-70mg,,,,,,,,,,,,,,,,,,,,,,,,,,,,,,,,https://cdn.shopify.com/s/files/1/0826/0632/6003/files/BPC_TB_GHK_2_17b53892-5c57-4929-9c25-1bdf7e2b261c.png?v=1776996744,2,"",,,,,,,,
ghrp-6-5mg,GHRP-6,"<p>
  This batch of GHRP-6 Peptide has been third-party laboratory tested and verified for quality and consistency. Manufactured under controlled conditions, it is prepared to support reliable use within research environments.
</p>

<div style=""margin:14px 0; padding:14px 16px; background:#f4f6f8; border:1px solid #d9e0e6; border-radius:8px; color:#1f2a37;"">
  <strong style=""display:block; margin-bottom:4px;"">Research Use Notice:</strong>
  <span>This product is intended strictly for research and laboratory use only. Not for human consumption, medical use, or diagnostic purposes.</span>
</div>

<p>
  Contents: GHRP-6 (Peptide Compound)<br>
  Form: Lyophilized Powder<br>
  Purity: 99.3%<br>
  Grade: Research Grade<br>
  Storage: Store in a cool, dry environment under proper laboratory conditions<br>
  Handling: Follow standard laboratory safety protocols
</p>",Canada Peptides,Business & Industrial > Science & Laboratory > Biochemicals,"","",false,Type,Vial,,Weight,5mg,,,,,,0.0,shopify,1000,deny,manual,29.00,38.00,true,false,,,,,"",https://cdn.shopify.com/s/files/1/0826/0632/6003/files/GHRP-6.png?v=1776996746,1,"",false,,,https://cdn.shopify.com/s/files/1/0826/0632/6003/files/GHRP-6_2.png?v=1776996744,kg,,3.00,draft
ghrp-6-5mg,,,,,,,,,Vial,,,10mg,,,,,,0.0,shopify,1000,deny,manual,60.00,79.00,true,false,,,,,"",https://cdn.shopify.com/s/files/1/0826/0632/6003/files/GHRP-6_2.png?v=1776996744,2,"",,,,https://cdn.shopify.com/s/files/1/0826/0632/6003/files/GHRP-6_4.png?v=1776996745,kg,,6.00,
ghrp-6-5mg,,,,,,,,,,,,,,,,,,,,,,,,,,,,,,,,https://cdn.shopify.com/s/files/1/0826/0632/6003/files/GHRP-6_4.png?v=1776996745,3,"",,,,,,,,
ghrp-2-5mg,GHRP-2,"<p>
  This batch of GHRP-2 Peptide has been third-party laboratory tested and verified for quality and consistency. Manufactured under controlled conditions, it is prepared to support reliable use within research environments.
</p>

<div style=""margin:14px 0; padding:14px 16px; background:#f4f6f8; border:1px solid #d9e0e6; border-radius:8px; color:#1f2a37;"">
  <strong style=""display:block; margin-bottom:4px;"">Research Use Notice:</strong>
  <span>This product is intended strictly for research and laboratory use only. Not for human consumption, medical use, or diagnostic purposes.</span>
</div>

<p>
  Contents: GHRP-2 (Peptide Compound)<br>
  Form: Lyophilized Powder<br>
  Purity: 99.3%<br>
  Grade: Research Grade<br>
  Storage: Store in a cool, dry environment under proper laboratory conditions<br>
  Handling: Follow standard laboratory safety protocols
</p>",Canada Peptides,Business & Industrial > Science & Laboratory > Biochemicals,"","",false,Type,Vial,,Weight,5mg,,,,,,0.0,shopify,1000,deny,manual,49.00,64.00,true,true,,,,,"",https://cdn.shopify.com/s/files/1/0826/0632/6003/files/GHRP-2.png?v=1776996742,1,"",false,,,https://cdn.shopify.com/s/files/1/0826/0632/6003/files/GHRP-2_2.png?v=1776996742,kg,,4.00,draft
ghrp-2-5mg,,,,,,,,,Vial,,,10mg,,,,,,0.0,shopify,1000,deny,manual,70.00,92.00,true,true,,,,,"",https://cdn.shopify.com/s/files/1/0826/0632/6003/files/GHRP-2_2.png?v=1776996742,2,"",,,,https://cdn.shopify.com/s/files/1/0826/0632/6003/files/GHRP-2_4_063bdc71-20cc-48aa-8ee0-58cd63c3f58c.png?v=1776996742,kg,,7.00,
ghrp-2-5mg,,,,,,,,,,,,,,,,,,,,,,,,,,,,,,,,https://cdn.shopify.com/s/files/1/0826/0632/6003/files/GHRP-2_4_063bdc71-20cc-48aa-8ee0-58cd63c3f58c.png?v=1776996742,3,"",,,,,,,,
ghk-cu-100mg,GHK-Cu,"<p>
  This batch of GHK-Cu Copper Peptide has been third-party laboratory tested and verified for quality and consistency. Manufactured under controlled conditions, it is prepared to support reliable use within research environments.
</p>

<div style=""margin:14px 0; padding:14px 16px; background:#f4f6f8; border:1px solid #d9e0e6; border-radius:8px; color:#1f2a37;"">
  <strong style=""display:block; margin-bottom:4px;"">Research Use Notice:</strong>
  <span>This product is intended strictly for research and laboratory use only. Not for human consumption, medical use, or diagnostic purposes.</span>
</div>

<p>
  Contents: GHK-Cu (Copper Peptide)<br>
  Form: Lyophilized Powder<br>
  Purity: 99.2%<br>
  Grade: Research Grade<br>
  Storage: Store in a cool, dry environment under proper laboratory conditions<br>
  Handling: Follow standard laboratory safety protocols
</p>",Canada Peptides,Business & Industrial > Science & Laboratory > Biochemicals,"","",false,Type,Vial,,Weight,50mg,,,,,,0.0,shopify,999,deny,manual,50.00,67.00,true,false,,,,,"",https://cdn.shopify.com/s/files/1/0826/0632/6003/files/GHK-Cu_0d08cb9f-d9c0-4f36-9bb9-c6023946c625.png?v=1776996740,1,"",false,,,https://cdn.shopify.com/s/files/1/0826/0632/6003/files/GHK-Cu_2.png?v=1776996740,kg,,3.00,draft
ghk-cu-100mg,,,,,,,,,Vial,,,100mg,,,,,,0.0,shopify,998,deny,manual,75.00,98.00,true,false,,,,,"",https://cdn.shopify.com/s/files/1/0826/0632/6003/files/GHK-Cu_2.png?v=1776996740,2,"",,,,https://cdn.shopify.com/s/files/1/0826/0632/6003/files/GHK-Cu_4.png?v=1776996740,kg,,4.00,
ghk-cu-100mg,,,,,,,,,,,,,,,,,,,,,,,,,,,,,,,,https://cdn.shopify.com/s/files/1/0826/0632/6003/files/GHK-Cu_4.png?v=1776996740,3,"",,,,,,,,
epitalon-10mg,Epitalon (Epithalon),"<p>
  This batch of Epitalon (Epithalon) Peptide has been third-party laboratory tested and verified for quality and consistency. Manufactured under controlled conditions, it is prepared to support reliable use within research environments.
</p>

<div style=""margin:14px 0; padding:14px 16px; background:#f4f6f8; border:1px solid #d9e0e6; border-radius:8px; color:#1f2a37;"">
  <strong style=""display:block; margin-bottom:4px;"">Research Use Notice:</strong>
  <span>This product is intended strictly for research and laboratory use only. Not for human consumption, medical use, or diagnostic purposes.</span>
</div>

<p>
  Contents: Epitalon (Epithalon)<br>
  Form: Lyophilized Powder (Matrix)<br>
  Purity: 99.0%<br>
  Grade: Research Grade<br>
  Storage: Store in a cool, dry environment under proper laboratory conditions<br>
  Handling: Follow standard laboratory safety protocols
</p>",Canada Peptides,Business & Industrial > Science & Laboratory > Biochemicals,"","",false,Type,Vial,,Weight,10mg,,,,,,0.0,shopify,999,deny,manual,50.00,67.00,true,false,,,,,"",https://cdn.shopify.com/s/files/1/0826/0632/6003/files/Epithalon.png?v=1776996740,1,"",false,,,https://cdn.shopify.com/s/files/1/0826/0632/6003/files/Epithalon_2.png?v=1776996740,kg,,5.00,draft
epitalon-10mg,,,,,,,,,Vial,,,50mg,,,,,,0.0,shopify,1000,deny,manual,150.00,197.00,true,false,,,,,"",https://cdn.shopify.com/s/files/1/0826/0632/6003/files/Epithalon_2.png?v=1776996740,2,"",,,,https://cdn.shopify.com/s/files/1/0826/0632/6003/files/Epithalon_4.png?v=1776996741,kg,,15.00,
epitalon-10mg,,,,,,,,,,,,,,,,,,,,,,,,,,,,,,,,https://cdn.shopify.com/s/files/1/0826/0632/6003/files/Epithalon_4.png?v=1776996741,3,"",,,,,,,,
dsip-5mg,DSIP,"<p>
  This batch of DSIP Peptide has been third-party laboratory tested and verified for quality and consistency. Manufactured under controlled conditions, it is prepared to support reliable use within research environments.
</p>

<div style=""margin:14px 0; padding:14px 16px; background:#f4f6f8; border:1px solid #d9e0e6; border-radius:8px; color:#1f2a37;"">
  <strong style=""display:block; margin-bottom:4px;"">Research Use Notice:</strong>
  <span>This product is intended strictly for research and laboratory use only. Not for human consumption, medical use, or diagnostic purposes.</span>
</div>

<p>
  Contents: DSIP (Peptide Compound)<br>
  Form: Lyophilized Powder<br>
  Purity: 99.0%<br>
  Grade: Research Grade<br>
  Storage: Store in a cool, dry environment under proper laboratory conditions<br>
  Handling: Follow standard laboratory safety protocols
</p>",Canada Peptides,Business & Industrial > Science & Laboratory > Biochemicals,"","",false,Type,Vial,,Weight,5mg,,,,,,0.0,shopify,1000,deny,manual,59.00,77.00,true,false,,,,,"",https://cdn.shopify.com/s/files/1/0826/0632/6003/files/DSIP.png?v=1776996738,1,"",false,,,https://cdn.shopify.com/s/files/1/0826/0632/6003/files/DSIP_2.png?v=1776996738,kg,,5.00,draft
dsip-5mg,,,,,,,,,Vial,,,15mg,,,,,,0.0,shopify,1000,deny,manual,99.00,129.00,true,false,,,,,"",https://cdn.shopify.com/s/files/1/0826/0632/6003/files/DSIP_2.png?v=1776996738,2,"",,,,https://cdn.shopify.com/s/files/1/0826/0632/6003/files/DSIP_4.png?v=1776996738,kg,,10.00,
dsip-5mg,,,,,,,,,,,,,,,,,,,,,,,,,,,,,,,,https://cdn.shopify.com/s/files/1/0826/0632/6003/files/DSIP_4.png?v=1776996738,3,"",,,,,,,,
cjc-1295-with-dac-5mg,CJC-1295 with DAC,"<p>
  This batch of CJC-1295 with DAC Peptide has been third-party laboratory tested and verified for quality and consistency. Manufactured under controlled conditions, it is prepared to support reliable use within research environments.
</p>

<div style=""margin:14px 0; padding:14px 16px; background:#f4f6f8; border:1px solid #d9e0e6; border-radius:8px; color:#1f2a37;"">
  <strong style=""display:block; margin-bottom:4px;"">Research Use Notice:</strong>
  <span>This product is intended strictly for research and laboratory use only. Not for human consumption, medical use, or diagnostic purposes.</span>
</div>

<p>
  Contents: CJC-1295 with DAC<br>
  Form: Lyophilized Powder<br>
  Purity: 99.0%<br>
  Grade: Research Grade<br>
  Storage: Store in a cool, dry environment under proper laboratory conditions<br>
  Handling: Follow standard laboratory safety protocols
</p>",Canada Peptides,Business & Industrial > Science & Laboratory > Biochemicals,"","",false,Type,Vial,,,,,,,,,0.0,shopify,1000,deny,manual,139.00,182.00,true,false,,,,,"",https://cdn.shopify.com/s/files/1/0826/0632/6003/files/CJC-1295withDAC.png?v=1776996737,1,"",false,,,https://cdn.shopify.com/s/files/1/0826/0632/6003/files/CJC-1295_with_DAC_2.png?v=1776996736,kg,,17.00,draft
cjc-1295-with-dac-5mg,,,,,,,,,,,,,,,,,,,,,,,,,,,,,,,,https://cdn.shopify.com/s/files/1/0826/0632/6003/files/CJC-1295_with_DAC_2.png?v=1776996736,2,"",,,,,,,,
cjc-1295-ipamorelin-10mg,CJC-1295 No DAC & Ipamorelin,"<p>
  This batch of CJC-1295 &amp; Ipamorelin Peptide has been third-party laboratory tested and verified for quality and consistency. Manufactured under controlled conditions, it is prepared to support reliable use within research environments.
</p>

<div style=""margin:14px 0; padding:14px 16px; background:#f4f6f8; border:1px solid #d9e0e6; border-radius:8px; color:#1f2a37;"">
  <strong style=""display:block; margin-bottom:4px;"">Research Use Notice:</strong>
  <span>This product is intended strictly for research and laboratory use only. Not for human consumption, medical use, or diagnostic purposes.</span>
</div>

<p>
  Contents: CJC-1295 (No DAC) 5mg + Ipamorelin 5mg<br>
  Form: Lyophilized Powder<br>
  Purity: 99.0%<br>
  Grade: Research Grade<br>
  Storage: Store in a cool, dry environment under proper laboratory conditions<br>
  Handling: Follow standard laboratory safety protocols
</p>",Canada Peptides,Business & Industrial > Science & Laboratory > Biochemicals,"","",false,Type,Vial,,Weight,5mg,,,,,,0.0,shopify,992,deny,manual,59.00,89.00,true,false,,,,,"",https://cdn.shopify.com/s/files/1/0826/0632/6003/files/CJC-1295NoDAC_Ipamorelin_3.png?v=1776996735,1,"",false,,,https://cdn.shopify.com/s/files/1/0826/0632/6003/files/CJC-1295NoDAC_Ipamorelin_4_3.png?v=1776996735,kg,,12.00,draft
cjc-1295-ipamorelin-10mg,,,,,,,,,Vial,,,10mg,,,,,,0.0,shopify,992,deny,manual,95.00,124.00,true,false,,,,,"",https://cdn.shopify.com/s/files/1/0826/0632/6003/files/CJC-1295NoDAC_Ipamorelin_4_3.png?v=1776996735,2,"",,,,https://cdn.shopify.com/s/files/1/0826/0632/6003/files/CJC-1295_No_DAC_Ipamorelin_4.png?v=1776996735,kg,,12.00,
cjc-1295-ipamorelin-10mg,,,,,,,,,,,,,,,,,,,,,,,,,,,,,,,,https://cdn.shopify.com/s/files/1/0826/0632/6003/files/CJC-1295_No_DAC_Ipamorelin_4.png?v=1776996735,3,"",,,,,,,,
cjc-1295-no-dac-5mg,CJC-1295 (No DAC),"<p>
  This batch of CJC-1295 (No DAC) Modified GRF Peptide has been third-party laboratory tested and verified for quality and consistency. Manufactured under controlled conditions, it is prepared to support reliable use within research environments.
</p>

<div style=""margin:14px 0; padding:14px 16px; background:#f4f6f8; border:1px solid #d9e0e6; border-radius:8px; color:#1f2a37;"">
  <strong style=""display:block; margin-bottom:4px;"">Research Use Notice:</strong>
  <span>This product is intended strictly for research and laboratory use only. Not for human consumption, medical use, or diagnostic purposes.</span>
</div>

<p>
  Contents: CJC-1295 (No DAC)<br>
  Form: Lyophilized Powder<br>
  Purity: 99.0%<br>
  Grade: Research Grade<br>
  Storage: Store in a cool, dry environment under proper laboratory conditions<br>
  Handling: Follow standard laboratory safety protocols
</p>",Canada Peptides,Business & Industrial > Science & Laboratory > Biochemicals,"","",false,Type,Vial,,Weight,5mg,,,,,,0.0,shopify,1000,deny,manual,75.00,98.00,true,false,,,,,"",https://cdn.shopify.com/s/files/1/0826/0632/6003/files/CJC-1295NoDAC.png?v=1776996734,1,"",false,,,https://cdn.shopify.com/s/files/1/0826/0632/6003/files/CJC-1295_No_DAC_2_5bfd8ced-3d87-4bf7-986e-4ea0b067e7c3.png?v=1776996734,kg,,8.00,draft
cjc-1295-no-dac-5mg,,,,,,,,,Vial,,,10mg,,,,,,0.0,shopify,1000,deny,manual,125.00,164.00,true,false,,,,,"",https://cdn.shopify.com/s/files/1/0826/0632/6003/files/CJC-1295_No_DAC_2_5bfd8ced-3d87-4bf7-986e-4ea0b067e7c3.png?v=1776996734,2,"",,,,https://cdn.shopify.com/s/files/1/0826/0632/6003/files/CJC-1295_No_DAC_4.png?v=1776996733,kg,,14.00,
cjc-1295-no-dac-5mg,,,,,,,,,,,,,,,,,,,,,,,,,,,,,,,,https://cdn.shopify.com/s/files/1/0826/0632/6003/files/CJC-1295_No_DAC_4.png?v=1776996733,3,"",,,,,,,,
cerebrolysin-60mg,Cerebrolysin,"<p>
  This batch of Cerebrolysin Peptide has been third-party laboratory tested and verified for quality and consistency. Manufactured under controlled conditions, it is prepared to support reliable use within research environments.
</p>

<div style=""margin:14px 0; padding:14px 16px; background:#f4f6f8; border:1px solid #d9e0e6; border-radius:8px; color:#1f2a37;"">
  <strong style=""display:block; margin-bottom:4px;"">Research Use Notice:</strong>
  <span>This product is intended strictly for research and laboratory use only. Not for human consumption, medical use, or diagnostic purposes.</span>
</div>

<p>
  Contents: Cerebrolysin (Neuropeptide and Amino Acid Complex)<br>
  Form: Lyophilized Powder (Matrix)<br>
  Purity: 99.3%<br>
  Grade: Research Grade<br>
  Storage: Store in a cool, dry environment under proper laboratory conditions<br>
  Handling: Follow standard laboratory safety protocols
</p>",Canada Peptides,Business & Industrial > Science & Laboratory > Biochemicals,"","",false,Type,Vial,,,,,,,,,0.0,shopify,1000,deny,manual,40.00,54.00,true,true,,,,,"",https://cdn.shopify.com/s/files/1/0826/0632/6003/files/Cerebrolysin.png?v=1776996732,1,"",false,,,https://cdn.shopify.com/s/files/1/0826/0632/6003/files/Cerebrolysin_2.png?v=1776996732,kg,,5.00,draft
cerebrolysin-60mg,,,,,,,,,,,,,,,,,,,,,,,,,,,,,,,,https://cdn.shopify.com/s/files/1/0826/0632/6003/files/Cerebrolysin_2.png?v=1776996732,2,"",,,,,,,,
cagrilintide,Cagrilintide,"<p>
  This batch of Cagrilintide Peptide has been third-party laboratory tested and verified for quality and consistency. Manufactured under controlled conditions, it is prepared to support reliable use within research environments.
</p>

<div style=""margin:14px 0; padding:14px 16px; background:#f4f6f8; border:1px solid #d9e0e6; border-radius:8px; color:#1f2a37;"">
  <strong style=""display:block; margin-bottom:4px;"">Research Use Notice:</strong>
  <span>This product is intended strictly for research and laboratory use only. Not for human consumption, medical use, or diagnostic purposes.</span>
</div>

<p>
  Contents: Cagrilintide (Amylin Analogue)<br>
  Form: Lyophilized Powder<br>
  Purity: 99.3%<br>
  Grade: Research Grade<br>
  Storage: Store in a cool, dry environment under proper laboratory conditions<br>
  Handling: Follow standard laboratory safety protocols
</p>",Canada Peptides,Business & Industrial > Science & Laboratory > Biochemicals,"","",false,Type,Vial,,Weight,5mg,,,,,,0.0,shopify,1000,deny,manual,100.00,132.00,true,true,,,,,"",https://cdn.shopify.com/s/files/1/0826/0632/6003/files/Cagrilintide.png?v=1776996729,1,"",false,,,https://cdn.shopify.com/s/files/1/0826/0632/6003/files/Cagrilintide_2.png?v=1776996729,kg,,12.00,draft
cagrilintide,,,,,,,,,Vial,,,10mg,,,,,,0.0,shopify,1000,deny,manual,150.00,197.00,true,true,,,,,"",https://cdn.shopify.com/s/files/1/0826/0632/6003/files/Cagrilintide_2.png?v=1776996729,2,"",,,,https://cdn.shopify.com/s/files/1/0826/0632/6003/files/Cagrilintide_4.png?v=1776996729,kg,,19.00,
cagrilintide,,,,,,,,,,,,,,,,,,,,,,,,,,,,,,,,https://cdn.shopify.com/s/files/1/0826/0632/6003/files/Cagrilintide_4.png?v=1776996729,3,"",,,,,,,,
bpc-tb-ghk-blend-70mg,BPC-157 + TB-500 + GHK-Cu,"<p>
  This batch of BPC-157 + TB-500 + GHK-Cu Peptide Blend has been third-party laboratory tested and verified for quality and consistency. Manufactured under controlled conditions, it is prepared to support reliable use within research environments.
</p>

<div style=""margin:14px 0; padding:14px 16px; background:#f4f6f8; border:1px solid #d9e0e6; border-radius:8px; color:#1f2a37;"">
  <strong style=""display:block; margin-bottom:4px;"">Research Use Notice:</strong>
  <span>This product is intended strictly for research and laboratory use only. Not for human consumption, medical use, or diagnostic purposes.</span>
</div>

<p>
  Contents: BPC-157, TB-500, GHK-Cu<br>
  Form: Lyophilized Powder<br>
  Purity: 99.3%<br>
  Grade: Research Grade<br>
  Storage: Store in a cool, dry environment under proper laboratory conditions<br>
  Handling: Follow standard laboratory safety protocols
</p>",Canada Peptides,Business & Industrial > Science & Laboratory > Biochemicals,"","",false,Type,Vial,,,,,,,,,10.0,shopify,998,deny,manual,155.00,202.00,true,false,,,,,"",https://cdn.shopify.com/s/files/1/0826/0632/6003/files/BPC_TB_GHK_3.png?v=1776996728,1,"",false,,,https://cdn.shopify.com/s/files/1/0826/0632/6003/files/BPCTBGHK2.png?v=1776996728,kg,,,draft
bpc-tb-ghk-blend-70mg,,,,,,,,,,,,,,,,,,,,,,,,,,,,,,,,https://cdn.shopify.com/s/files/1/0826/0632/6003/files/BPCTBGHK2.png?v=1776996728,2,"",,,,,,,,
bpc-157-tb-500-20mg,BPC-157 + TB-500,"<p>
  This batch of BPC-157 + TB-500 Peptide Blend has been third-party laboratory tested and verified for quality and consistency. Manufactured under controlled conditions, it is prepared to support reliable use within research environments.
</p>

<div style=""margin:14px 0; padding:14px 16px; background:#f4f6f8; border:1px solid #d9e0e6; border-radius:8px; color:#1f2a37;"">
  <strong style=""display:block; margin-bottom:4px;"">Research Use Notice:</strong>
  <span>This product is intended strictly for research and laboratory use only. Not for human consumption, medical use, or diagnostic purposes.</span>
</div>

<p>
  Contents: BPC-157 + TB-500 Blend<br>
  Form: Lyophilized Powder<br>
  Purity: 99.4%<br>
  Grade: Research Grade<br>
  Storage: Store in a cool, dry environment under proper laboratory conditions<br>
  Handling: Follow standard laboratory safety protocols
</p>",Canada Peptides,Business & Industrial > Science & Laboratory > Biochemicals,"","",false,Type,Vial,,Weight,10mg,,,,,,0.0,shopify,996,deny,manual,97.00,127.00,true,false,,,,,"",https://cdn.shopify.com/s/files/1/0826/0632/6003/files/BPC-157_TB-500.png?v=1776996726,1,"",false,,,https://cdn.shopify.com/s/files/1/0826/0632/6003/files/BPC-157_TB-500_2.png?v=1776996727,kg,,11.00,draft
bpc-157-tb-500-20mg,,,,,,,,,Vial,,,20mg,,,,,,0.0,shopify,992,deny,manual,118.00,154.00,true,false,,,,,"",https://cdn.shopify.com/s/files/1/0826/0632/6003/files/BPC-157_TB-500_3.png?v=1776996726,2,"",,,,https://cdn.shopify.com/s/files/1/0826/0632/6003/files/BPC-157_TB-500_4.png?v=1776996726,kg,,23.00,
bpc-157-tb-500-20mg,,,,,,,,,,,,,,,,,,,,,,,,,,,,,,,,https://cdn.shopify.com/s/files/1/0826/0632/6003/files/BPC-157_TB-500_2.png?v=1776996727,3,"",,,,,,,,
bpc-157-tb-500-20mg,,,,,,,,,,,,,,,,,,,,,,,,,,,,,,,,https://cdn.shopify.com/s/files/1/0826/0632/6003/files/BPC-157_TB-500_4.png?v=1776996726,4,"",,,,,,,,
bpc-157-10mg,BPC-157,"<p>
  This batch of BPC-157 Body Protection Compound Peptide has been third-party laboratory tested and verified for quality and consistency. Manufactured under controlled conditions, it is prepared to support reliable use within research environments.
</p>

<div style=""margin:14px 0; padding:14px 16px; background:#f4f6f8; border:1px solid #d9e0e6; border-radius:8px; color:#1f2a37;"">
  <strong style=""display:block; margin-bottom:4px;"">Research Use Notice:</strong>
  <span>This product is intended strictly for research and laboratory use only. Not for human consumption, medical use, or diagnostic purposes.</span>
</div>

<p>
  Contents: BPC-157<br>
  Form: Lyophilized Powder<br>
  Purity: 99.3%<br>
  Grade: Research Grade<br>
  Storage: Store in a cool, dry environment under proper laboratory conditions<br>
  Handling: Follow standard laboratory safety protocols
</p> ",Canada Peptides,Business & Industrial > Science & Laboratory > Biochemicals,"","",true,Type,Vial,,Weight,5mg,,,,,,0.0,shopify,1000,deny,manual,40.00,53.00,true,false,,,,,"",https://cdn.shopify.com/s/files/1/0826/0632/6003/files/BPC-157.png?v=1776996725,1,"",false,,,https://cdn.shopify.com/s/files/1/0826/0632/6003/files/BPC-157_2_a44dbdf6-b426-4fbd-b7b8-610680105075.png?v=1776996725,kg,,4.00,active
bpc-157-10mg,,,,,,,,,Vial,,,10mg,,,,,,0.0,shopify,999,deny,manual,60.00,79.00,true,false,,,,,"",https://cdn.shopify.com/s/files/1/0826/0632/6003/files/BPC-157_2_a44dbdf6-b426-4fbd-b7b8-610680105075.png?v=1776996725,2,"",,,,https://cdn.shopify.com/s/files/1/0826/0632/6003/files/BPC-157_4.png?v=1776996725,kg,,6.00,
bpc-157-10mg,,,,,,,,,,,,,,,,,,,,,,,,,,,,,,,,https://cdn.shopify.com/s/files/1/0826/0632/6003/files/BPC-157_4.png?v=1776996725,3,"",,,,,,,,
benzyl-alcoh-0-9,Benzyl Alcohol 0.9%,"<p>
  This batch of Benzyl Alcohol 0.9% Peptide has been third-party laboratory tested and verified for quality and consistency. Manufactured under controlled conditions, it is prepared to support reliable use within research environments.
</p>

<div style=""margin:14px 0; padding:14px 16px; background:#f4f6f8; border:1px solid #d9e0e6; border-radius:8px; color:#1f2a37;"">
  <strong style=""display:block; margin-bottom:4px;"">Research Use Notice:</strong>
  <span>This product is intended strictly for research and laboratory use only. Not for human consumption, medical use, or diagnostic purposes.</span>
</div>

<p>
  Contents: Benzyl Alcohol 0.9% (Preserved Diluent), Water for Injection (H₂O)<br>
  Form: Liquid Solution<br>
  Purity: 99.0%<br>
  Grade: Research Grade<br>
  Storage: Store in a cool, dry environment under proper laboratory conditions<br>
  Handling: Follow standard laboratory safety protocols
</p>",Canada Peptides,Business & Industrial > Science & Laboratory > Laboratory Chemicals > Solvents,"","",false,Type,Vial,,Weight,3ml,,,,,,0.0,shopify,1000,deny,manual,14.00,19.00,true,true,,,,,"",https://cdn.shopify.com/s/files/1/0826/0632/6003/files/BenzylAlcohol0.9.png?v=1776996723,1,"",false,,,https://cdn.shopify.com/s/files/1/0826/0632/6003/files/Benzyl_Alcohol_0.9_2.png?v=1776996723,kg,,1.00,draft
benzyl-alcoh-0-9,,,,,,,,,Vial,,,10ml,,,,,,0.0,shopify,1000,deny,manual,19.00,25.00,true,true,,,,,"",https://cdn.shopify.com/s/files/1/0826/0632/6003/files/Benzyl_Alcohol_0.9_2.png?v=1776996723,2,"",,,,https://cdn.shopify.com/s/files/1/0826/0632/6003/files/Benzyl_Alcohol_0.9_4.png?v=1776996723,kg,,1.00,
benzyl-alcoh-0-9,,,,,,,,,,,,,,,,,,,,,,,,,,,,,,,,https://cdn.shopify.com/s/files/1/0826/0632/6003/files/Benzyl_Alcohol_0.9_4.png?v=1776996723,3,"",,,,,,,,
aod9604-10mg,AOD-9604,"<p>
  This batch of AOD-9604 Fragment Peptide has been third-party laboratory tested and verified for quality and consistency. Manufactured under controlled conditions, it is prepared to support reliable use within research environments.
</p>

<div style=""margin:14px 0; padding:14px 16px; background:#f4f6f8; border:1px solid #d9e0e6; border-radius:8px; color:#1f2a37;"">
  <strong style=""display:block; margin-bottom:4px;"">Research Use Notice:</strong>
  <span>This product is intended strictly for research and laboratory use only. Not for human consumption, medical use, or diagnostic purposes.</span>
</div>

<p>
  Contents: AOD9604<br>
  Form: Lyophilized Powder<br>
  Purity: 99.6%<br>
  Grade: Research Grade<br>
  Storage: Store in a cool, dry environment under proper laboratory conditions<br>
  Handling: Follow standard laboratory safety protocols
</p>",Canada Peptides,Business & Industrial > Science & Laboratory > Biochemicals,"","",false,Type,Vial,,Weight,5mg,,,,,,0.0,shopify,1000,deny,manual,56.00,73.00,true,false,,,,,"",https://cdn.shopify.com/s/files/1/0826/0632/6003/files/AOD9604.png?v=1776996722,1,"",false,,,https://cdn.shopify.com/s/files/1/0826/0632/6003/files/AOD_9604_2.png?v=1776996722,kg,,12.00,draft
aod9604-10mg,,,,,,,,,Vial,,,10mg,,,,,,0.0,shopify,999,deny,manual,82.00,107.00,true,false,,,,,"",https://cdn.shopify.com/s/files/1/0826/0632/6003/files/AOD_9604_2.png?v=1776996722,2,"",,,,https://cdn.shopify.com/s/files/1/0826/0632/6003/files/AOD_9604_4.png?v=1776996722,kg,,,
aod9604-10mg,,,,,,,,,,,,,,,,,,,,,,,,,,,,,,,,https://cdn.shopify.com/s/files/1/0826/0632/6003/files/AOD_9604_4.png?v=1776996722,3,"",,,,,,,,
acetic-acid-water-0-6,Acetic Acid Water 0.6%,"<p>
  This batch of Acetic Acid Water 0.6% Peptide has been third-party laboratory tested and verified for quality and consistency. Manufactured under controlled conditions, it is prepared to support reliable use within research environments.
</p>

<div style=""margin:14px 0; padding:14px 16px; background:#f4f6f8; border:1px solid #d9e0e6; border-radius:8px; color:#1f2a37;"">
  <strong style=""display:block; margin-bottom:4px;"">Research Use Notice:</strong>
  <span>This product is intended strictly for research and laboratory use only. Not for human consumption, medical use, or diagnostic purposes.</span>
</div>

<p>
  Contents: Acetic Acid 0.6% (CH₃COOH) in Sterile Water for Injection (H₂O)<br>
  Form: Liquid Solution<br>
  Purity: 99.1%<br>
  Grade: Research Grade<br>
  Storage: Store in a cool, dry environment under proper laboratory conditions<br>
  Handling: Follow standard laboratory safety protocols
</p>",Canada Peptides,Business & Industrial > Science & Laboratory > Laboratory Chemicals > Acids,"","",false,Type,Vial,,Weight,3ml,,,,,,0.0,shopify,1000,deny,manual,14.00,19.00,true,true,,,,,"",https://cdn.shopify.com/s/files/1/0826/0632/6003/files/AceticAcidWater0.6.png?v=1776996720,1,"",false,,,https://cdn.shopify.com/s/files/1/0826/0632/6003/files/Acetic_Acid_Water_0.6_2.png?v=1776996720,kg,,1.00,draft
acetic-acid-water-0-6,,,,,,,,,Vial,,,10ml,,,,,,0.0,shopify,1000,deny,manual,19.00,25.00,true,true,,,,,"",https://cdn.shopify.com/s/files/1/0826/0632/6003/files/Acetic_Acid_Water_0.6_2.png?v=1776996720,2,"",,,,https://cdn.shopify.com/s/files/1/0826/0632/6003/files/Acetic_Acid_Water_0.6_4.png?v=1776996720,kg,,1.00,
acetic-acid-water-0-6,,,,,,,,,,,,,,,,,,,,,,,,,,,,,,,,https://cdn.shopify.com/s/files/1/0826/0632/6003/files/Acetic_Acid_Water_0.6_4.png?v=1776996720,3,"",,,,,,,,
5-amino-1mq-5mg,5-Amino-1MQ,"<p>
  This batch of 5-Amino-1MQ Peptide has been third-party laboratory tested and verified for quality and consistency. Manufactured under controlled conditions, it is prepared to support reliable use within research environments.
</p>

<div style=""margin:14px 0; padding:14px 16px; background:#f4f6f8; border:1px solid #d9e0e6; border-radius:8px; color:#1f2a37;"">
  <strong style=""display:block; margin-bottom:4px;"">Research Use Notice:</strong>
  <span>This product is intended strictly for research and laboratory use only. Not for human consumption, medical use, or diagnostic purposes.</span>
</div>

<p>
  Contents: 5-Amino-1-Methylquinolinium<br>
  Form: Lyophilized Powder<br>
  Purity: 99.6%<br>
  Grade: Research Grade<br>
  Storage: Store in a cool, dry environment under proper laboratory conditions<br>
  Handling: Follow standard laboratory safety protocols
</p>",Canada Peptides,Business & Industrial > Science & Laboratory > Biochemicals,"","",false,Type,Vial,,,,,,,,,0.0,shopify,1000,deny,manual,80.00,105.00,true,false,,,,,"",https://cdn.shopify.com/s/files/1/0826/0632/6003/files/5amino1mQ_a56f2d50-aaca-4923-b8fb-ad55aa939962.png?v=1776996718,1,"",false,,,https://cdn.shopify.com/s/files/1/0826/0632/6003/files/5_amino_1mQ_2_4160785d-a4ea-44f2-9d44-34917ace77b3.png?v=1776996718,kg,,8.00,draft
5-amino-1mq-5mg,,,,,,,,,,,,,,,,,,,,,,,,,,,,,,,,https://cdn.shopify.com/s/files/1/0826/0632/6003/files/5_amino_1mQ_2_4160785d-a4ea-44f2-9d44-34917ace77b3.png?v=1776996718,2,"",,,,,,,,
